School,MonthCode,CalMonth,GradeLevel,GradeSort,RosterCount,Absent,Present,Released
01M015,5,Jan,1,1,31,28,574,0
01M015,5,Jan,2,2,26,48,445,0
01M015,5,Jan,3,3,31,43,568,0
01M015,5,Jan,4,4,24,29,442,0
01M015,5,Jan,5,5,19,12,368,0
01M015,5,Jan,0K,0,30,43,537,0
01M015,5,Jan,PK,-1,17,22,265,15
01M015,6,Feb,1,1,30,16,404,0
01M015,6,Feb,2,2,25,17,333,0
01M015,6,Feb,3,3,32,15,419,0
01M015,6,Feb,4,4,24,21,315,0
01M015,6,Feb,5,5,19,9,257,0
01M015,6,Feb,0K,0,30,20,380,0
01M015,6,Feb,PK,-1,15,17,193,0
01M015,7,Mar,1,1,30,48,593,0
01M015,7,Mar,2,2,25,37,513,0
01M015,7,Mar,3,3,31,31,651,0
01M015,7,Mar,4,4,25,30,509,0
01M015,7,Mar,5,5,19,12,406,0
01M015,7,Mar,0K,0,28,49,559,0
01M015,7,Mar,PK,-1,15,21,309,0
01M015,8,Apr,1,1,29,23,347,0
01M015,8,Apr,2,2,25,18,307,0
01M015,8,Apr,3,3,31,25,378,0
01M015,8,Apr,4,4,25,21,304,0
01M015,8,Apr,5,5,19,16,231,0
01M015,8,Apr,0K,0,27,22,329,0
01M015,8,Apr,PK,-1,16,5,194,0
01M015,9,May,1,1,28,22,594,0
01M015,9,May,2,2,25,28,522,0
01M015,9,May,3,3,31,32,650,0
01M015,9,May,4,4,25,20,530,0
01M015,9,May,5,5,19,19,399,0
01M015,9,May,0K,0,27,30,564,0
01M015,9,May,PK,-1,16,23,329,0
01M015,10,Jun,1,1,28,26,450,0
01M015,10,Jun,2,2,25,47,378,0
01M015,10,Jun,3,3,31,47,480,0
01M015,10,Jun,4,4,25,41,384,0
01M015,10,Jun,5,5,19,14,302,0
01M015,10,Jun,0K,0,27,34,425,0
01M015,10,Jun,PK,-1,16,34,238,0
01M015,1,Sep,1,1,35,30,524,0
01M015,1,Sep,2,2,33,29,399,0
01M015,1,Sep,3,3,37,21,487,0
01M015,1,Sep,4,4,25,38,351,0
01M015,1,Sep,5,5,18,9,273,0
01M015,1,Sep,0K,0,31,38,403,0
01M015,1,Sep,PK,-1,21,45,258,0
01M015,2,Oct,1,1,34,26,541,0
01M015,2,Oct,2,2,27,36,422,0
01M015,2,Oct,3,3,33,30,516,0
01M015,2,Oct,4,4,24,21,386,0
01M015,2,Oct,5,5,18,4,302,0
01M015,2,Oct,0K,0,28,36,440,0
01M015,2,Oct,PK,-1,20,34,270,0
01M015,3,Nov,1,1,33,32,557,0
01M015,3,Nov,2,2,26,35,424,0
01M015,3,Nov,3,3,31,17,528,0
01M015,3,Nov,4,4,23,27,387,0
01M015,3,Nov,5,5,18,11,313,0
01M015,3,Nov,0K,0,30,54,476,0
01M015,3,Nov,PK,-1,18,40,258,0
01M015,4,Dec,1,1,32,53,482,0
01M015,4,Dec,2,2,26,48,377,0
01M015,4,Dec,3,3,30,24,486,0
01M015,4,Dec,4,4,23,18,373,0
01M015,4,Dec,5,5,20,23,300,0
01M015,4,Dec,0K,0,30,57,453,0
01M015,4,Dec,PK,-1,17,43,246,0
01M019,5,Jan,1,1,44,93,787,0
01M019,5,Jan,2,2,47,98,842,0
01M019,5,Jan,3,3,42,75,763,0
01M019,5,Jan,4,4,45,70,810,0
01M019,5,Jan,5,5,34,57,623,0
01M019,5,Jan,0K,0,37,65,675,0
01M019,5,Jan,PK,-1,23,78,356,23
01M019,6,Feb,1,1,46,64,555,0
01M019,6,Feb,2,2,47,75,583,0
01M019,6,Feb,3,3,41,42,532,0
01M019,6,Feb,4,4,44,58,558,0
01M019,6,Feb,5,5,34,50,426,0
01M019,6,Feb,0K,0,37,57,460,0
01M019,6,Feb,PK,-1,22,48,260,0
01M019,7,Mar,1,1,45,96,894,0
01M019,7,Mar,2,2,48,113,943,0
01M019,7,Mar,3,3,41,52,850,0
01M019,7,Mar,4,4,45,78,888,0
01M019,7,Mar,5,5,34,65,683,0
01M019,7,Mar,0K,0,37,96,687,0
01M019,7,Mar,PK,-1,22,76,387,0
01M019,8,Apr,1,1,45,49,536,0
01M019,8,Apr,2,2,48,54,570,0
01M019,8,Apr,3,3,41,38,495,0
01M019,8,Apr,4,4,44,57,514,0
01M019,8,Apr,5,5,34,38,404,0
01M019,8,Apr,0K,0,35,38,417,0
01M019,8,Apr,PK,-1,22,44,237,0
01M019,9,May,1,1,45,71,919,0
01M019,9,May,2,2,48,92,964,0
01M019,9,May,3,3,41,73,829,0
01M019,9,May,4,4,43,69,877,0
01M019,9,May,5,5,34,63,685,0
01M019,9,May,0K,0,35,78,692,0
01M019,9,May,PK,-1,22,55,426,0
01M019,10,Jun,1,1,45,141,624,0
01M019,10,Jun,2,2,48,146,670,0
01M019,10,Jun,3,3,41,75,622,0
01M019,10,Jun,4,4,43,89,642,0
01M019,10,Jun,5,5,34,73,505,0
01M019,10,Jun,0K,0,35,84,511,0
01M019,10,Jun,PK,-1,21,95,262,0
01M019,1,Sep,1,1,53,47,682,0
01M019,1,Sep,2,2,49,36,710,0
01M019,1,Sep,3,3,43,30,611,0
01M019,1,Sep,4,4,45,32,661,0
01M019,1,Sep,5,5,36,39,505,0
01M019,1,Sep,0K,0,43,35,555,0
01M019,1,Sep,PK,-1,24,25,345,0
01M019,2,Oct,1,1,52,58,724,0
01M019,2,Oct,2,2,47,42,757,0
01M019,2,Oct,3,3,40,55,625,0
01M019,2,Oct,4,4,44,46,685,0
01M019,2,Oct,5,5,34,30,548,0
01M019,2,Oct,0K,0,38,49,580,0
01M019,2,Oct,PK,-1,24,33,369,0
01M019,3,Nov,1,1,46,76,739,0
01M019,3,Nov,2,2,47,56,790,0
01M019,3,Nov,3,3,42,75,672,0
01M019,3,Nov,4,4,44,70,707,0
01M019,3,Nov,5,5,34,44,568,0
01M019,3,Nov,0K,0,37,57,598,0
01M019,3,Nov,PK,-1,24,56,372,0
01M019,4,Dec,1,1,45,60,688,0
01M019,4,Dec,2,2,47,84,715,0
01M019,4,Dec,3,3,42,68,646,0
01M019,4,Dec,4,4,45,68,689,0
01M019,4,Dec,5,5,34,65,513,0
01M019,4,Dec,0K,0,37,59,565,0
01M019,4,Dec,PK,-1,23,61,316,0
01M020,5,Jan,1,1,82,165,1475,0
01M020,5,Jan,2,2,94,103,1755,0
01M020,5,Jan,3,3,99,144,1780,0
01M020,5,Jan,4,4,78,117,1426,0
01M020,5,Jan,5,5,68,104,1256,0
01M020,5,Jan,0K,0,84,145,1486,0
01M020,5,Jan,PK,-1,43,82,757,0
01M020,6,Feb,1,1,82,92,1043,0
01M020,6,Feb,2,2,93,69,1231,0
01M020,6,Feb,3,3,99,107,1276,0
01M020,6,Feb,4,4,79,71,1011,0
01M020,6,Feb,5,5,68,58,894,0
01M020,6,Feb,0K,0,84,105,1035,0
01M020,6,Feb,PK,-1,45,72,502,42
01M020,7,Mar,1,1,79,128,1607,0
01M020,7,Mar,2,2,93,100,1942,0
01M020,7,Mar,3,3,99,120,2026,0
01M020,7,Mar,4,4,79,116,1595,0
01M020,7,Mar,5,5,68,92,1404,0
01M020,7,Mar,0K,0,82,154,1650,0
01M020,7,Mar,PK,-1,45,109,863,0
01M020,8,Apr,1,1,79,72,923,0
01M020,8,Apr,2,2,93,57,1152,0
01M020,8,Apr,3,3,97,99,1152,0
01M020,8,Apr,4,4,78,63,930,0
01M020,8,Apr,5,5,68,58,826,0
01M020,8,Apr,0K,0,82,96,970,0
01M020,8,Apr,PK,-1,44,70,502,0
01M020,9,May,1,1,77,95,1586,0
01M020,9,May,2,2,93,108,1931,0
01M020,9,May,3,3,96,157,1902,0
01M020,9,May,4,4,77,124,1570,0
01M020,9,May,5,5,69,84,1414,0
01M020,9,May,0K,0,82,167,1637,0
01M020,9,May,PK,-1,44,94,874,0
01M020,10,Jun,1,1,76,110,1182,0
01M020,10,Jun,2,2,92,105,1440,0
01M020,10,Jun,3,3,93,138,1420,0
01M020,10,Jun,4,4,77,131,1178,0
01M020,10,Jun,5,5,68,149,993,0
01M020,10,Jun,0K,0,82,169,1225,0
01M020,10,Jun,PK,-1,44,115,632,0
01M020,1,Sep,1,1,90,99,1274,0
01M020,1,Sep,2,2,95,60,1395,0
01M020,1,Sep,3,3,99,110,1411,0
01M020,1,Sep,4,4,83,48,1168,0
01M020,1,Sep,5,5,77,55,1034,0
01M020,1,Sep,0K,0,90,106,1227,0
01M020,1,Sep,PK,-1,41,39,591,0
01M020,2,Oct,1,1,86,95,1328,0
01M020,2,Oct,2,2,92,79,1483,0
01M020,2,Oct,3,3,96,89,1526,0
01M020,2,Oct,4,4,77,81,1227,0
01M020,2,Oct,5,5,69,45,1116,0
01M020,2,Oct,0K,0,83,124,1287,0
01M020,2,Oct,PK,-1,41,42,652,0
01M020,3,Nov,1,1,84,123,1356,0
01M020,3,Nov,2,2,93,78,1581,0
01M020,3,Nov,3,3,97,114,1593,0
01M020,3,Nov,4,4,78,80,1306,0
01M020,3,Nov,5,5,69,63,1163,0
01M020,3,Nov,0K,0,83,117,1353,0
01M020,3,Nov,PK,-1,42,98,644,0
01M020,4,Dec,1,1,81,111,1266,0
01M020,4,Dec,2,2,93,84,1480,0
01M020,4,Dec,3,3,95,112,1503,0
01M020,4,Dec,4,4,77,108,1201,0
01M020,4,Dec,5,5,68,76,1080,0
01M020,4,Dec,0K,0,81,151,1226,0
01M020,4,Dec,PK,-1,42,97,614,0
01M034,5,Jan,1,1,25,72,418,0
01M034,5,Jan,2,2,40,67,704,0
01M034,5,Jan,3,3,32,49,585,0
01M034,5,Jan,4,4,29,48,518,0
01M034,5,Jan,5,5,35,55,645,0
01M034,5,Jan,6,6,39,55,672,0
01M034,5,Jan,7,7,65,99,1119,0
01M034,5,Jan,8,8,62,131,1086,0
01M034,5,Jan,0K,0,21,39,381,0
01M034,5,Jan,PK,-1,14,41,239,0
01M034,6,Feb,1,1,24,47,276,0
01M034,6,Feb,2,2,39,29,515,0
01M034,6,Feb,3,3,31,26,397,0
01M034,6,Feb,4,4,28,31,361,0
01M034,6,Feb,5,5,35,43,447,0
01M034,6,Feb,6,6,38,37,486,0
01M034,6,Feb,7,7,61,64,790,0
01M034,6,Feb,8,8,60,80,760,0
01M034,6,Feb,0K,0,21,15,279,0
01M034,6,Feb,PK,-1,14,45,151,0
01M034,7,Mar,1,1,23,62,441,0
01M034,7,Mar,2,2,38,54,782,0
01M034,7,Mar,3,3,32,61,619,1
01M034,7,Mar,4,4,30,52,591,0
01M034,7,Mar,5,5,35,79,691,0
01M034,7,Mar,6,6,36,65,727,0
01M034,7,Mar,7,7,61,90,1252,0
01M034,7,Mar,8,8,60,126,1175,0
01M034,7,Mar,0K,0,21,47,403,0
01M034,7,Mar,PK,-1,14,55,253,0
01M034,8,Apr,1,1,23,30,269,0
01M034,8,Apr,2,2,39,35,467,0
01M034,8,Apr,3,3,32,36,376,4
01M034,8,Apr,4,4,29,33,344,0
01M034,8,Apr,5,5,35,42,413,0
01M034,8,Apr,6,6,36,41,427,0
01M034,8,Apr,7,7,61,53,730,0
01M034,8,Apr,8,8,60,80,697,0
01M034,8,Apr,0K,0,20,20,240,0
01M034,8,Apr,PK,-1,14,30,138,14
01M034,9,May,1,1,24,54,474,0
01M034,9,May,2,2,41,66,792,0
01M034,9,May,3,3,33,66,638,0
01M034,9,May,4,4,29,58,580,0
01M034,9,May,5,5,35,82,688,0
01M034,9,May,6,6,36,62,730,0
01M034,9,May,7,7,61,81,1239,0
01M034,9,May,8,8,60,95,1225,0
01M034,9,May,0K,0,20,52,388,0
01M034,9,May,PK,-1,14,50,258,0
01M034,10,Jun,1,1,24,75,333,0
01M034,10,Jun,2,2,40,84,588,0
01M034,10,Jun,3,3,32,98,446,0
01M034,10,Jun,4,4,30,75,429,0
01M034,10,Jun,5,5,35,126,469,0
01M034,10,Jun,6,6,37,64,557,0
01M034,10,Jun,7,7,60,130,890,0
01M034,10,Jun,8,8,60,168,852,0
01M034,10,Jun,0K,0,20,50,276,0
01M034,10,Jun,PK,-1,14,60,178,0
01M034,1,Sep,1,1,26,35,355,0
01M034,1,Sep,2,2,39,39,537,0
01M034,1,Sep,3,3,32,27,457,0
01M034,1,Sep,4,4,29,22,442,0
01M034,1,Sep,5,5,40,32,540,0
01M034,1,Sep,6,6,44,57,572,0
01M034,1,Sep,7,7,65,48,907,0
01M034,1,Sep,8,8,70,83,914,0
01M034,1,Sep,0K,0,21,15,300,0
01M034,1,Sep,PK,-1,14,22,192,0
01M034,2,Oct,1,1,27,37,371,0
01M034,2,Oct,2,2,39,28,599,0
01M034,2,Oct,3,3,31,44,483,0
01M034,2,Oct,4,4,33,18,475,0
01M034,2,Oct,5,5,37,39,573,0
01M034,2,Oct,6,6,44,44,604,0
01M034,2,Oct,7,7,60,57,946,0
01M034,2,Oct,8,8,64,86,980,0
01M034,2,Oct,0K,0,21,33,322,0
01M034,2,Oct,PK,-1,13,20,201,0
01M034,3,Nov,1,1,24,57,362,0
01M034,3,Nov,2,2,38,60,608,0
01M034,3,Nov,3,3,34,62,509,0
01M034,3,Nov,4,4,29,36,486,0
01M034,3,Nov,5,5,36,50,598,0
01M034,3,Nov,6,6,39,44,649,0
01M034,3,Nov,7,7,59,44,1018,0
01M034,3,Nov,8,8,62,89,1027,0
01M034,3,Nov,0K,0,21,22,356,0
01M034,3,Nov,PK,-1,13,57,177,0
01M034,4,Dec,1,1,24,39,356,0
01M034,4,Dec,2,2,38,67,579,0
01M034,4,Dec,3,3,32,49,495,0
01M034,4,Dec,4,4,29,41,452,0
01M034,4,Dec,5,5,36,57,542,0
01M034,4,Dec,6,6,39,45,569,0
01M034,4,Dec,7,7,60,82,936,0
01M034,4,Dec,8,8,62,103,951,0
01M034,4,Dec,0K,0,21,22,335,0
01M034,4,Dec,PK,-1,14,29,207,0
01M063,5,Jan,1,1,36,62,658,0
01M063,5,Jan,2,2,27,54,486,0
01M063,5,Jan,3,3,28,45,515,0
01M063,5,Jan,4,4,26,55,465,0
01M063,5,Jan,5,5,21,27,373,0
01M063,5,Jan,0K,0,38,103,637,0
01M063,5,Jan,PK,-1,25,62,438,0
01M063,6,Feb,1,1,36,43,461,0
01M063,6,Feb,2,2,27,24,354,0
01M063,6,Feb,3,3,28,24,368,0
01M063,6,Feb,4,4,26,23,341,0
01M063,6,Feb,5,5,20,22,258,0
01M063,6,Feb,0K,0,38,40,476,0
01M063,6,Feb,PK,-1,25,30,295,25
01M063,7,Mar,1,1,36,60,732,0
01M063,7,Mar,2,2,27,37,557,0
01M063,7,Mar,3,3,28,29,587,0
01M063,7,Mar,4,4,27,33,539,0
01M063,7,Mar,5,5,21,31,430,0
01M063,7,Mar,0K,0,36,72,720,0
01M063,7,Mar,PK,-1,27,56,516,0
01M063,8,Apr,1,1,36,21,447,0
01M063,8,Apr,2,2,27,11,340,0
01M063,8,Apr,3,3,28,14,350,0
01M063,8,Apr,4,4,26,22,315,0
01M063,8,Apr,5,5,21,20,253,0
01M063,8,Apr,0K,0,36,30,438,0
01M063,8,Apr,PK,-1,27,37,314,0
01M063,9,May,1,1,37,58,749,0
01M063,9,May,2,2,27,32,562,0
01M063,9,May,3,3,28,24,592,0
01M063,9,May,4,4,25,27,523,0
01M063,9,May,5,5,23,40,458,0
01M063,9,May,0K,0,37,63,750,0
01M063,9,May,PK,-1,27,69,525,0
01M063,10,Jun,1,1,38,61,568,0
01M063,10,Jun,2,2,27,29,430,0
01M063,10,Jun,3,3,28,55,421,0
01M063,10,Jun,4,4,25,41,384,0
01M063,10,Jun,5,5,23,52,332,0
01M063,10,Jun,0K,0,37,74,555,0
01M063,10,Jun,PK,-1,27,66,393,0
01M063,1,Sep,1,1,46,28,596,0
01M063,1,Sep,2,2,32,24,418,0
01M063,1,Sep,3,3,33,9,455,0
01M063,1,Sep,4,4,29,20,400,0
01M063,1,Sep,5,5,21,4,316,0
01M063,1,Sep,0K,0,39,49,540,0
01M063,1,Sep,PK,-1,25,32,320,0
01M063,2,Oct,1,1,39,42,609,0
01M063,2,Oct,2,2,28,14,462,0
01M063,2,Oct,3,3,29,15,472,0
01M063,2,Oct,4,4,26,20,422,0
01M063,2,Oct,5,5,21,17,335,0
01M063,2,Oct,0K,0,39,41,607,0
01M063,2,Oct,PK,-1,23,34,340,0
01M063,3,Nov,1,1,37,33,622,0
01M063,3,Nov,2,2,28,19,471,0
01M063,3,Nov,3,3,28,26,478,0
01M063,3,Nov,4,4,26,21,447,0
01M063,3,Nov,5,5,21,17,361,0
01M063,3,Nov,0K,0,38,48,636,0
01M063,3,Nov,PK,-1,22,39,357,0
01M063,4,Dec,1,1,37,37,575,0
01M063,4,Dec,2,2,28,30,429,0
01M063,4,Dec,3,3,28,34,442,0
01M063,4,Dec,4,4,26,26,416,0
01M063,4,Dec,5,5,21,30,327,0
01M063,4,Dec,0K,0,38,64,582,0
01M063,4,Dec,PK,-1,24,41,327,22
01M064,5,Jan,1,1,34,37,642,0
01M064,5,Jan,2,2,37,51,669,0
01M064,5,Jan,3,3,33,40,620,0
01M064,5,Jan,4,4,33,39,619,0
01M064,5,Jan,5,5,45,51,849,0
01M064,5,Jan,0K,0,45,99,799,0
01M064,5,Jan,PK,-1,21,73,347,0
01M064,6,Feb,1,1,34,25,449,0
01M064,6,Feb,2,2,37,42,462,0
01M064,6,Feb,3,3,34,39,421,0
01M064,6,Feb,4,4,33,34,428,0
01M064,6,Feb,5,5,45,42,588,0
01M064,6,Feb,0K,0,45,58,563,0
01M064,6,Feb,PK,-1,21,59,235,0
01M064,7,Mar,1,1,33,82,644,0
01M064,7,Mar,2,2,36,61,731,0
01M064,7,Mar,3,3,33,39,687,0
01M064,7,Mar,4,4,33,50,676,0
01M064,7,Mar,5,5,45,84,906,0
01M064,7,Mar,0K,0,44,117,851,0
01M064,7,Mar,PK,-1,22,107,349,0
01M064,8,Apr,1,1,34,46,391,0
01M064,8,Apr,2,2,36,65,398,0
01M064,8,Apr,3,3,33,35,394,0
01M064,8,Apr,4,4,33,33,396,0
01M064,8,Apr,5,5,45,55,530,0
01M064,8,Apr,0K,0,44,83,489,0
01M064,8,Apr,PK,-1,21,44,229,0
01M064,9,May,1,1,34,64,684,0
01M064,9,May,2,2,35,61,709,0
01M064,9,May,3,3,34,40,686,0
01M064,9,May,4,4,33,46,680,0
01M064,9,May,5,5,45,79,911,0
01M064,9,May,0K,0,44,84,884,0
01M064,9,May,PK,-1,21,79,383,0
01M064,10,Jun,1,1,34,71,507,0
01M064,10,Jun,2,2,35,93,502,0
01M064,10,Jun,3,3,33,58,503,0
01M064,10,Jun,4,4,33,68,493,0
01M064,10,Jun,5,5,45,120,645,0
01M064,10,Jun,0K,0,45,112,636,0
01M064,10,Jun,PK,-1,21,76,281,0
01M064,1,Sep,1,1,37,41,482,0
01M064,1,Sep,2,2,39,32,565,0
01M064,1,Sep,3,3,37,19,505,0
01M064,1,Sep,4,4,36,44,479,0
01M064,1,Sep,5,5,45,31,653,0
01M064,1,Sep,0K,0,50,53,669,0
01M064,1,Sep,PK,-1,21,34,283,0
01M064,2,Oct,1,1,34,32,546,0
01M064,2,Oct,2,2,37,51,578,0
01M064,2,Oct,3,3,33,30,531,0
01M064,2,Oct,4,4,32,26,518,0
01M064,2,Oct,5,5,45,40,707,0
01M064,2,Oct,0K,0,47,64,716,0
01M064,2,Oct,PK,-1,20,43,297,0
01M064,3,Nov,1,1,34,42,561,0
01M064,3,Nov,2,2,37,43,623,0
01M064,3,Nov,3,3,33,46,548,0
01M064,3,Nov,4,4,32,31,545,0
01M064,3,Nov,5,5,44,58,734,0
01M064,3,Nov,0K,0,46,92,713,0
01M064,3,Nov,PK,-1,20,49,311,0
01M064,4,Dec,1,1,33,68,493,0
01M064,4,Dec,2,2,37,71,553,0
01M064,4,Dec,3,3,33,43,518,0
01M064,4,Dec,4,4,32,73,471,0
01M064,4,Dec,5,5,45,76,683,0
01M064,4,Dec,0K,0,44,109,639,0
01M064,4,Dec,PK,-1,21,64,288,0
01M110,5,Jan,1,1,53,62,998,0
01M110,5,Jan,2,2,49,58,922,0
01M110,5,Jan,3,3,62,41,1174,0
01M110,5,Jan,4,4,77,43,1491,0
01M110,5,Jan,5,5,49,48,932,0
01M110,5,Jan,0K,0,63,96,1153,0
01M110,5,Jan,PK,-1,31,51,569,0
01M110,6,Feb,1,1,53,38,704,0
01M110,6,Feb,2,2,49,34,646,0
01M110,6,Feb,3,3,63,47,828,0
01M110,6,Feb,4,4,77,32,1046,0
01M110,6,Feb,5,5,49,24,662,0
01M110,6,Feb,0K,0,62,41,825,0
01M110,6,Feb,PK,-1,31,29,374,31
01M110,7,Mar,1,1,53,37,1129,0
01M110,7,Mar,2,2,48,35,1021,0
01M110,7,Mar,3,3,62,37,1327,0
01M110,7,Mar,4,4,77,84,1610,0
01M110,7,Mar,5,5,49,50,1028,0
01M110,7,Mar,0K,0,64,84,1309,0
01M110,7,Mar,PK,-1,31,74,608,0
01M110,8,Apr,1,1,53,21,668,0
01M110,8,Apr,2,2,48,31,580,0
01M110,8,Apr,3,3,62,26,771,0
01M110,8,Apr,4,4,77,41,951,0
01M110,8,Apr,5,5,49,23,614,0
01M110,8,Apr,0K,0,64,45,787,0
01M110,8,Apr,PK,-1,31,25,370,0
01M110,9,May,1,1,53,58,1108,0
01M110,9,May,2,2,47,44,990,0
01M110,9,May,3,3,61,47,1295,0
01M110,9,May,4,4,76,55,1617,0
01M110,9,May,5,5,49,47,1031,0
01M110,9,May,0K,0,64,83,1311,0
01M110,9,May,PK,-1,30,51,609,0
01M110,10,Jun,1,1,53,59,842,0
01M110,10,Jun,2,2,47,56,743,0
01M110,10,Jun,3,3,61,74,963,0
01M110,10,Jun,4,4,76,81,1211,0
01M110,10,Jun,5,5,49,48,771,0
01M110,10,Jun,0K,0,63,84,987,0
01M110,10,Jun,PK,-1,30,67,443,0
01M110,1,Sep,1,1,55,19,845,0
01M110,1,Sep,2,2,54,24,759,0
01M110,1,Sep,3,3,60,20,923,0
01M110,1,Sep,4,4,85,51,1181,0
01M110,1,Sep,5,5,53,22,777,0
01M110,1,Sep,0K,0,63,35,941,0
01M110,1,Sep,PK,-1,32,27,477,0
01M110,2,Oct,1,1,54,37,881,0
01M110,2,Oct,2,2,50,27,823,0
01M110,2,Oct,3,3,59,25,978,0
01M110,2,Oct,4,4,77,44,1261,0
01M110,2,Oct,5,5,50,17,833,0
01M110,2,Oct,0K,0,62,39,1003,0
01M110,2,Oct,PK,-1,32,37,507,0
01M110,3,Nov,1,1,54,39,923,0
01M110,3,Nov,2,2,50,33,864,0
01M110,3,Nov,3,3,60,45,1030,0
01M110,3,Nov,4,4,76,52,1316,0
01M110,3,Nov,5,5,50,31,869,0
01M110,3,Nov,0K,0,63,71,1058,0
01M110,3,Nov,PK,-1,32,33,533,0
01M110,4,Dec,1,1,54,47,852,0
01M110,4,Dec,2,2,49,49,784,0
01M110,4,Dec,3,3,60,50,970,0
01M110,4,Dec,4,4,76,54,1238,0
01M110,4,Dec,5,5,51,36,800,0
01M110,4,Dec,0K,0,63,95,976,0
01M110,4,Dec,PK,-1,31,72,424,31
01M134,5,Jan,1,1,61,96,1062,0
01M134,5,Jan,2,2,54,63,1005,0
01M134,5,Jan,3,3,61,122,1098,0
01M134,5,Jan,4,4,59,86,1069,0
01M134,5,Jan,5,5,76,92,1420,0
01M134,5,Jan,0K,0,26,33,476,0
01M134,5,Jan,PK,-1,27,70,414,27
01M134,6,Feb,1,1,60,75,753,0
01M134,6,Feb,2,2,56,31,730,0
01M134,6,Feb,3,3,62,87,767,0
01M134,6,Feb,4,4,57,58,732,0
01M134,6,Feb,5,5,77,56,1008,0
01M134,6,Feb,0K,0,26,26,337,0
01M134,6,Feb,PK,-1,27,49,329,0
01M134,7,Mar,1,1,59,111,1168,0
01M134,7,Mar,2,2,55,81,1129,0
01M134,7,Mar,3,3,60,123,1180,0
01M134,7,Mar,4,4,56,116,1116,0
01M134,7,Mar,5,5,77,83,1570,0
01M134,7,Mar,0K,0,27,42,549,0
01M134,7,Mar,PK,-1,27,88,486,0
01M134,8,Apr,1,1,58,62,683,0
01M134,8,Apr,2,2,55,31,684,0
01M134,8,Apr,3,3,59,69,691,0
01M134,8,Apr,4,4,56,66,662,0
01M134,8,Apr,5,5,75,45,930,0
01M134,8,Apr,0K,0,27,30,313,0
01M134,8,Apr,PK,-1,27,61,290,0
01M134,9,May,1,1,60,98,1154,0
01M134,9,May,2,2,56,94,1114,0
01M134,9,May,3,3,60,134,1181,0
01M134,9,May,4,4,57,80,1159,0
01M134,9,May,5,5,75,98,1552,0
01M134,9,May,0K,0,26,51,521,0
01M134,9,May,PK,-1,27,109,485,0
01M134,10,Jun,1,1,58,143,828,0
01M134,10,Jun,2,2,54,101,817,0
01M134,10,Jun,3,3,60,193,827,0
01M134,10,Jun,4,4,57,132,820,0
01M134,10,Jun,5,5,75,129,1118,0
01M134,10,Jun,0K,0,27,84,365,0
01M134,10,Jun,PK,-1,27,126,333,0
01M134,1,Sep,1,1,57,67,792,0
01M134,1,Sep,2,2,56,33,788,0
01M134,1,Sep,3,3,62,67,867,0
01M134,1,Sep,4,4,61,59,885,0
01M134,1,Sep,5,5,77,50,1150,0
01M134,1,Sep,0K,0,33,37,439,0
01M134,1,Sep,PK,-1,28,22,323,0
01M134,2,Oct,1,1,58,59,890,0
01M134,2,Oct,2,2,54,57,814,0
01M134,2,Oct,3,3,62,73,939,0
01M134,2,Oct,4,4,60,57,948,0
01M134,2,Oct,5,5,75,66,1206,0
01M134,2,Oct,0K,0,29,46,447,0
01M134,2,Oct,PK,-1,22,43,316,0
01M134,3,Nov,1,1,58,118,926,0
01M134,3,Nov,2,2,53,69,862,0
01M134,3,Nov,3,3,65,127,985,5
01M134,3,Nov,4,4,60,76,997,0
01M134,3,Nov,5,5,76,75,1266,0
01M134,3,Nov,0K,0,29,59,463,0
01M134,3,Nov,PK,-1,24,66,345,0
01M134,4,Dec,1,1,59,120,871,0
01M134,4,Dec,2,2,54,95,794,0
01M134,4,Dec,3,3,63,119,906,0
01M134,4,Dec,4,4,60,83,922,0
01M134,4,Dec,5,5,75,101,1174,0
01M134,4,Dec,0K,0,29,65,395,0
01M134,4,Dec,PK,-1,24,60,348,0
01M140,5,Jan,1,1,30,67,507,0
01M140,5,Jan,2,2,27,57,469,0
01M140,5,Jan,3,3,30,45,533,0
01M140,5,Jan,4,4,33,42,605,0
01M140,5,Jan,5,5,34,54,626,0
01M140,5,Jan,6,6,67,115,1206,0
01M140,5,Jan,7,7,67,91,1227,0
01M140,5,Jan,8,8,59,63,1089,0
01M140,5,Jan,0K,0,38,84,628,0
01M140,5,Jan,PK,-1,18,81,274,0
01M140,6,Feb,1,1,29,38,368,0
01M140,6,Feb,2,2,28,31,351,0
01M140,6,Feb,3,3,30,25,372,0
01M140,6,Feb,4,4,33,27,435,0
01M140,6,Feb,5,5,34,38,438,0
01M140,6,Feb,6,6,67,65,861,0
01M140,6,Feb,7,7,66,55,852,0
01M140,6,Feb,8,8,59,60,762,0
01M140,6,Feb,0K,0,38,78,454,0
01M140,6,Feb,PK,-1,17,44,194,0
01M140,7,Mar,1,1,29,81,556,0
01M140,7,Mar,2,2,28,54,562,0
01M140,7,Mar,3,3,29,42,594,0
01M140,7,Mar,4,4,33,62,661,0
01M140,7,Mar,5,5,34,62,686,0
01M140,7,Mar,6,6,66,80,1358,0
01M140,7,Mar,7,7,65,98,1332,0
01M140,7,Mar,8,8,61,84,1220,0
01M140,7,Mar,0K,0,38,127,707,0
01M140,7,Mar,PK,-1,17,64,310,0
01M140,8,Apr,1,1,28,25,339,0
01M140,8,Apr,2,2,29,34,336,0
01M140,8,Apr,3,3,28,26,338,0
01M140,8,Apr,4,4,31,41,362,0
01M140,8,Apr,5,5,34,31,411,0
01M140,8,Apr,6,6,65,62,778,0
01M140,8,Apr,7,7,66,64,786,0
01M140,8,Apr,8,8,60,58,722,0
01M140,8,Apr,0K,0,37,79,402,0
01M140,8,Apr,PK,-1,17,50,171,0
01M140,9,May,1,1,29,70,553,0
01M140,9,May,2,2,29,85,553,0
01M140,9,May,3,3,28,45,571,0
01M140,9,May,4,4,31,56,622,0
01M140,9,May,5,5,34,56,692,0
01M140,9,May,6,6,65,116,1313,0
01M140,9,May,7,7,66,129,1323,0
01M140,9,May,8,8,60,122,1198,0
01M140,9,May,0K,0,37,106,708,0
01M140,9,May,PK,-1,17,52,322,0
01M140,10,Jun,1,1,28,81,395,0
01M140,10,Jun,2,2,29,106,383,0
01M140,10,Jun,3,3,28,69,407,0
01M140,10,Jun,4,4,30,71,430,0
01M140,10,Jun,5,5,34,95,476,0
01M140,10,Jun,6,6,65,183,922,0
01M140,10,Jun,7,7,66,130,992,0
01M140,10,Jun,8,8,60,184,836,0
01M140,10,Jun,0K,0,37,184,445,0
01M140,10,Jun,PK,-1,17,64,225,0
01M140,1,Sep,1,1,29,33,415,0
01M140,1,Sep,2,2,30,28,395,0
01M140,1,Sep,3,3,31,22,426,0
01M140,1,Sep,4,4,34,29,483,0
01M140,1,Sep,5,5,34,33,511,0
01M140,1,Sep,6,6,67,33,978,0
01M140,1,Sep,7,7,68,40,1002,0
01M140,1,Sep,8,8,60,31,881,0
01M140,1,Sep,0K,0,35,43,468,0
01M140,1,Sep,PK,-1,19,29,250,0
01M140,2,Oct,1,1,28,29,447,0
01M140,2,Oct,2,2,26,24,413,0
01M140,2,Oct,3,3,28,32,444,0
01M140,2,Oct,4,4,32,29,515,0
01M140,2,Oct,5,5,34,30,548,0
01M140,2,Oct,6,6,64,52,1036,0
01M140,2,Oct,7,7,67,73,1043,0
01M140,2,Oct,8,8,59,44,928,0
01M140,2,Oct,0K,0,33,63,468,0
01M140,2,Oct,PK,-1,18,31,275,0
01M140,3,Nov,1,1,29,36,469,0
01M140,3,Nov,2,2,25,26,424,0
01M140,3,Nov,3,3,29,39,479,0
01M140,3,Nov,4,4,32,41,535,0
01M140,3,Nov,5,5,34,43,569,0
01M140,3,Nov,6,6,64,75,1069,0
01M140,3,Nov,7,7,66,77,1111,0
01M140,3,Nov,8,8,57,64,933,0
01M140,3,Nov,0K,0,32,74,491,0
01M140,3,Nov,PK,-1,18,44,280,0
01M140,4,Dec,1,1,29,73,420,0
01M140,4,Dec,2,2,26,49,389,0
01M140,4,Dec,3,3,30,38,468,0
01M140,4,Dec,4,4,32,52,492,0
01M140,4,Dec,5,5,34,78,500,0
01M140,4,Dec,6,6,64,89,999,0
01M140,4,Dec,7,7,67,73,1048,0
01M140,4,Dec,8,8,56,83,864,0
01M140,4,Dec,0K,0,32,105,439,0
01M140,4,Dec,PK,-1,18,49,257,0
01M142,5,Jan,1,1,58,96,994,0
01M142,5,Jan,2,2,49,78,885,0
01M142,5,Jan,3,3,49,70,910,0
01M142,5,Jan,4,4,46,45,851,0
01M142,5,Jan,5,5,68,92,1268,0
01M142,5,Jan,0K,0,56,100,1019,0
01M142,5,Jan,PK,-1,35,97,590,0
01M142,6,Feb,1,1,57,74,712,0
01M142,6,Feb,2,2,49,59,627,0
01M142,6,Feb,3,3,49,51,635,0
01M142,6,Feb,4,4,45,51,577,0
01M142,6,Feb,5,5,69,82,870,0
01M142,6,Feb,0K,0,57,59,717,0
01M142,6,Feb,PK,-1,35,65,390,35
01M142,7,Mar,1,1,57,112,1128,0
01M142,7,Mar,2,2,49,67,1011,0
01M142,7,Mar,3,3,50,79,1011,0
01M142,7,Mar,4,4,44,62,906,0
01M142,7,Mar,5,5,69,91,1422,0
01M142,7,Mar,0K,0,56,111,1102,0
01M142,7,Mar,PK,-1,35,100,650,0
01M142,8,Apr,1,1,56,61,661,0
01M142,8,Apr,2,2,50,39,606,0
01M142,8,Apr,3,3,50,38,612,0
01M142,8,Apr,4,4,44,44,528,0
01M142,8,Apr,5,5,69,66,831,0
01M142,8,Apr,0K,0,57,66,666,0
01M142,8,Apr,PK,-1,33,94,335,0
01M142,9,May,1,1,55,121,1089,0
01M142,9,May,2,2,50,62,1038,0
01M142,9,May,3,3,51,75,1037,0
01M142,9,May,4,4,44,68,900,0
01M142,9,May,5,5,69,109,1409,0
01M142,9,May,0K,0,57,125,1129,0
01M142,9,May,PK,-1,34,148,583,0
01M142,10,Jun,1,1,55,137,797,0
01M142,10,Jun,2,2,50,79,771,0
01M142,10,Jun,3,3,51,94,773,0
01M142,10,Jun,4,4,44,102,646,0
01M142,10,Jun,5,5,69,145,1021,0
01M142,10,Jun,0K,0,57,177,792,0
01M142,10,Jun,PK,-1,33,148,413,0
01M142,1,Sep,1,1,65,47,899,0
01M142,1,Sep,2,2,50,36,715,0
01M142,1,Sep,3,3,52,45,771,0
01M142,1,Sep,4,4,52,28,676,0
01M142,1,Sep,5,5,68,45,1026,0
01M142,1,Sep,0K,0,62,57,794,0
01M142,1,Sep,PK,-1,36,52,482,0
01M142,2,Oct,1,1,58,75,889,0
01M142,2,Oct,2,2,48,36,768,0
01M142,2,Oct,3,3,52,60,802,0
01M142,2,Oct,4,4,44,36,712,0
01M142,2,Oct,5,5,68,58,1089,0
01M142,2,Oct,0K,0,56,76,833,0
01M142,2,Oct,PK,-1,36,59,511,0
01M142,3,Nov,1,1,56,88,909,0
01M142,3,Nov,2,2,48,60,804,0
01M142,3,Nov,3,3,51,56,852,0
01M142,3,Nov,4,4,45,47,763,0
01M142,3,Nov,5,5,70,65,1178,0
01M142,3,Nov,0K,0,56,98,892,0
01M142,3,Nov,PK,-1,34,103,509,0
01M142,4,Dec,1,1,56,105,836,0
01M142,4,Dec,2,2,48,44,772,0
01M142,4,Dec,3,3,50,60,774,0
01M142,4,Dec,4,4,45,48,717,0
01M142,4,Dec,5,5,70,67,1092,0
01M142,4,Dec,0K,0,56,106,823,0
01M142,4,Dec,PK,-1,34,89,455,34
01M184,5,Jan,1,1,59,37,1114,0
01M184,5,Jan,2,2,68,65,1295,0
01M184,5,Jan,3,3,67,31,1263,0
01M184,5,Jan,4,4,56,16,1104,0
01M184,5,Jan,5,5,62,20,1220,0
01M184,5,Jan,6,6,88,51,1669,0
01M184,5,Jan,7,7,87,12,1728,0
01M184,5,Jan,8,8,80,40,1560,0
01M184,5,Jan,0K,0,70,76,1297,0
01M184,5,Jan,PK,-1,36,47,673,0
01M184,6,Feb,1,1,58,38,761,0
01M184,6,Feb,2,2,69,35,931,0
01M184,6,Feb,3,3,66,26,885,0
01M184,6,Feb,4,4,56,8,776,0
01M184,6,Feb,5,5,62,14,854,0
01M184,6,Feb,6,6,87,30,1175,0
01M184,6,Feb,7,7,88,18,1205,0
01M184,6,Feb,8,8,80,28,1092,0
01M184,6,Feb,0K,0,70,52,897,0
01M184,6,Feb,PK,-1,36,16,452,36
01M184,7,Mar,1,1,58,43,1233,0
01M184,7,Mar,2,2,69,21,1497,0
01M184,7,Mar,3,3,66,28,1424,0
01M184,7,Mar,4,4,56,6,1226,0
01M184,7,Mar,5,5,62,9,1355,0
01M184,7,Mar,6,6,86,51,1841,0
01M184,7,Mar,7,7,88,14,1922,0
01M184,7,Mar,8,8,80,45,1715,0
01M184,7,Mar,0K,0,67,32,1442,0
01M184,7,Mar,PK,-1,36,48,744,0
01M184,8,Apr,1,1,58,18,736,0
01M184,8,Apr,2,2,69,15,882,0
01M184,8,Apr,3,3,66,24,834,0
01M184,8,Apr,4,4,57,15,717,0
01M184,8,Apr,5,5,62,14,792,0
01M184,8,Apr,6,6,86,44,1074,0
01M184,8,Apr,7,7,88,10,1134,0
01M184,8,Apr,8,8,80,33,1007,0
01M184,8,Apr,0K,0,67,41,827,0
01M184,8,Apr,PK,-1,36,10,458,0
01M184,9,May,1,1,58,29,1247,0
01M184,9,May,2,2,69,38,1480,0
01M184,9,May,3,3,66,25,1427,0
01M184,9,May,4,4,57,12,1242,0
01M184,9,May,5,5,63,20,1361,0
01M184,9,May,6,6,86,47,1845,0
01M184,9,May,7,7,88,18,1917,0
01M184,9,May,8,8,80,52,1708,0
01M184,9,May,0K,0,66,22,1430,0
01M184,9,May,PK,-1,36,22,770,0
01M184,10,Jun,1,1,58,36,950,0
01M184,10,Jun,2,2,69,26,1147,0
01M184,10,Jun,3,3,67,37,1092,0
01M184,10,Jun,4,4,57,24,945,0
01M184,10,Jun,5,5,63,24,1047,0
01M184,10,Jun,6,6,86,50,1412,0
01M184,10,Jun,7,7,87,30,1449,0
01M184,10,Jun,8,8,80,51,1309,0
01M184,10,Jun,0K,0,66,26,1096,0
01M184,10,Jun,PK,-1,36,18,594,0
01M184,1,Sep,1,1,79,18,944,0
01M184,1,Sep,2,2,70,11,1072,0
01M184,1,Sep,3,3,70,15,1043,0
01M184,1,Sep,4,4,56,12,884,0
01M184,1,Sep,5,5,66,5,988,0
01M184,1,Sep,6,6,94,37,1372,0
01M184,1,Sep,7,7,91,15,1394,0
01M184,1,Sep,8,8,80,16,1233,0
01M184,1,Sep,0K,0,74,19,1117,0
01M184,1,Sep,PK,-1,37,10,555,0
01M184,2,Oct,1,1,60,30,986,0
01M184,2,Oct,2,2,68,18,1136,0
01M184,2,Oct,3,3,69,7,1104,0
01M184,2,Oct,4,4,58,7,945,0
01M184,2,Oct,5,5,64,9,1058,0
01M184,2,Oct,6,6,91,22,1489,0
01M184,2,Oct,7,7,88,11,1472,0
01M184,2,Oct,8,8,79,28,1313,0
01M184,2,Oct,0K,0,73,44,1163,0
01M184,2,Oct,PK,-1,36,14,581,0
01M184,3,Nov,1,1,60,32,1042,0
01M184,3,Nov,2,2,68,16,1208,0
01M184,3,Nov,3,3,65,20,1150,0
01M184,3,Nov,4,4,56,11,997,0
01M184,3,Nov,5,5,63,16,1107,0
01M184,3,Nov,6,6,90,42,1559,0
01M184,3,Nov,7,7,86,16,1532,0
01M184,3,Nov,8,8,79,35,1387,0
01M184,3,Nov,0K,0,73,56,1224,0
01M184,3,Nov,PK,-1,35,30,600,0
01M184,4,Dec,1,1,60,23,986,0
01M184,4,Dec,2,2,68,20,1136,0
01M184,4,Dec,3,3,65,15,1090,0
01M184,4,Dec,4,4,56,6,946,0
01M184,4,Dec,5,5,62,15,1039,0
01M184,4,Dec,6,6,88,33,1463,0
01M184,4,Dec,7,7,87,12,1464,0
01M184,4,Dec,8,8,80,33,1324,0
01M184,4,Dec,0K,0,70,49,1141,0
01M184,4,Dec,PK,-1,36,33,543,36
01M188,5,Jan,1,1,47,120,764,0
01M188,5,Jan,2,2,49,97,862,0
01M188,5,Jan,3,3,53,94,921,0
01M188,5,Jan,4,4,52,99,921,0
01M188,5,Jan,5,5,38,61,698,0
01M188,5,Jan,6,6,54,90,937,0
01M188,5,Jan,7,7,57,93,948,7
01M188,5,Jan,8,8,60,94,1073,0
01M188,5,Jan,0K,0,40,107,660,0
01M188,5,Jan,PK,-1,34,105,562,0
01M188,6,Feb,1,1,49,58,604,0
01M188,6,Feb,2,2,50,46,647,0
01M188,6,Feb,3,3,55,34,682,0
01M188,6,Feb,4,4,52,40,672,0
01M188,6,Feb,5,5,40,43,502,0
01M188,6,Feb,6,6,55,39,703,0
01M188,6,Feb,7,7,54,50,692,0
01M188,6,Feb,8,8,61,41,785,0
01M188,6,Feb,0K,0,40,48,496,0
01M188,6,Feb,PK,-1,33,60,367,33
01M188,7,Mar,1,1,49,112,890,0
01M188,7,Mar,2,2,51,119,952,0
01M188,7,Mar,3,3,52,85,1031,0
01M188,7,Mar,4,4,52,118,998,0
01M188,7,Mar,5,5,40,94,769,0
01M188,7,Mar,6,6,53,97,1069,0
01M188,7,Mar,7,7,53,85,1081,0
01M188,7,Mar,8,8,59,100,1179,0
01M188,7,Mar,0K,0,40,103,746,0
01M188,7,Mar,PK,-1,32,126,541,0
01M188,8,Apr,1,1,48,61,556,0
01M188,8,Apr,2,2,50,56,576,0
01M188,8,Apr,3,3,52,58,611,0
01M188,8,Apr,4,4,51,72,586,0
01M188,8,Apr,5,5,40,60,460,0
01M188,8,Apr,6,6,53,75,608,0
01M188,8,Apr,7,7,54,57,642,0
01M188,8,Apr,8,8,59,82,670,0
01M188,8,Apr,0K,0,41,47,453,0
01M188,8,Apr,PK,-1,30,51,330,0
01M188,9,May,1,1,49,110,941,0
01M188,9,May,2,2,50,72,967,0
01M188,9,May,3,3,53,68,1072,0
01M188,9,May,4,4,52,85,1050,0
01M188,9,May,5,5,40,67,813,0
01M188,9,May,6,6,52,108,1036,0
01M188,9,May,7,7,54,93,1095,0
01M188,9,May,8,8,59,107,1184,0
01M188,9,May,0K,0,46,87,807,0
01M188,9,May,PK,-1,31,102,539,0
01M188,10,Jun,1,1,46,115,667,0
01M188,10,Jun,2,2,48,132,684,0
01M188,10,Jun,3,3,52,115,769,0
01M188,10,Jun,4,4,53,131,769,0
01M188,10,Jun,5,5,40,143,521,3
01M188,10,Jun,6,6,53,140,760,0
01M188,10,Jun,7,7,54,107,811,0
01M188,10,Jun,8,8,60,123,880,0
01M188,10,Jun,0K,0,41,116,581,0
01M188,10,Jun,PK,-1,29,114,379,0
01M188,1,Sep,1,1,52,59,657,0
01M188,1,Sep,2,2,54,47,646,0
01M188,1,Sep,3,3,56,53,713,0
01M188,1,Sep,4,4,55,65,694,0
01M188,1,Sep,5,5,49,54,530,0
01M188,1,Sep,6,6,60,57,783,0
01M188,1,Sep,7,7,63,89,817,0
01M188,1,Sep,8,8,61,81,832,0
01M188,1,Sep,0K,0,45,47,493,0
01M188,1,Sep,PK,-1,28,50,365,0
01M188,2,Oct,1,1,45,67,666,0
01M188,2,Oct,2,2,48,58,725,0
01M188,2,Oct,3,3,51,33,785,0
01M188,2,Oct,4,4,50,63,766,0
01M188,2,Oct,5,5,35,54,537,0
01M188,2,Oct,6,6,52,79,805,0
01M188,2,Oct,7,7,56,80,844,1
01M188,2,Oct,8,8,58,75,909,2
01M188,2,Oct,0K,0,36,49,548,0
01M188,2,Oct,PK,-1,29,55,430,0
01M188,3,Nov,1,1,40,75,620,0
01M188,3,Nov,2,2,47,68,778,0
01M188,3,Nov,3,3,49,77,779,0
01M188,3,Nov,4,4,49,62,820,0
01M188,3,Nov,5,5,35,65,555,0
01M188,3,Nov,6,6,52,85,829,1
01M188,3,Nov,7,7,52,76,860,0
01M188,3,Nov,8,8,58,87,957,0
01M188,3,Nov,0K,0,37,60,564,0
01M188,3,Nov,PK,-1,32,74,455,0
01M188,4,Dec,1,1,44,122,559,0
01M188,4,Dec,2,2,49,74,720,0
01M188,4,Dec,3,3,51,79,745,0
01M188,4,Dec,4,4,52,54,780,0
01M188,4,Dec,5,5,37,56,564,0
01M188,4,Dec,6,6,51,102,753,0
01M188,4,Dec,7,7,54,79,798,0
01M188,4,Dec,8,8,60,99,890,0
01M188,4,Dec,0K,0,40,77,540,0
01M188,4,Dec,PK,-1,33,88,400,30
01M292,5,Jan,9,9,40,33,555,0
01M292,5,Jan,10,10,35,77,448,0
01M292,5,Jan,11,11,30,46,397,0
01M292,5,Jan,12,12,35,91,429,0
01M292,6,Feb,9,9,39,37,496,0
01M292,6,Feb,10,10,35,67,423,0
01M292,6,Feb,11,11,29,40,366,0
01M292,6,Feb,12,12,33,85,377,0
01M292,7,Mar,9,9,38,54,782,0
01M292,7,Mar,10,10,35,98,672,0
01M292,7,Mar,11,11,29,70,543,0
01M292,7,Mar,12,12,34,177,568,0
01M292,8,Apr,9,9,38,56,438,0
01M292,8,Apr,10,10,35,76,367,0
01M292,8,Apr,11,11,27,28,323,0
01M292,8,Apr,12,12,34,96,346,0
01M292,9,May,9,9,38,68,768,0
01M292,9,May,10,10,34,104,644,0
01M292,9,May,11,11,27,80,514,0
01M292,9,May,12,12,34,164,584,0
01M292,10,Jun,9,9,38,69,273,0
01M292,10,Jun,10,10,35,70,243,0
01M292,10,Jun,11,11,27,69,174,0
01M292,10,Jun,12,12,34,125,181,0
01M292,1,Sep,9,9,44,59,587,0
01M292,1,Sep,10,10,35,56,492,0
01M292,1,Sep,11,11,31,39,457,0
01M292,1,Sep,12,12,41,97,499,0
01M292,2,Oct,9,9,41,33,647,0
01M292,2,Oct,10,10,35,78,517,0
01M292,2,Oct,11,11,31,49,478,0
01M292,2,Oct,12,12,37,114,481,0
01M292,3,Nov,9,9,41,39,697,0
01M292,3,Nov,10,10,35,59,571,0
01M292,3,Nov,11,11,31,50,505,0
01M292,3,Nov,12,12,34,100,512,0
01M292,4,Dec,9,9,41,51,635,0
01M292,4,Dec,10,10,35,84,511,0
01M292,4,Dec,11,11,30,59,451,0
01M292,4,Dec,12,12,34,122,456,0
01M301,5,Jan,6,6,27,86,441,0
01M301,5,Jan,7,7,47,69,813,0
01M301,5,Jan,8,8,58,124,1031,0
01M301,6,Feb,6,6,27,46,319,0
01M301,6,Feb,7,7,44,37,579,0
01M301,6,Feb,8,8,58,85,725,0
01M301,7,Mar,6,6,27,70,524,0
01M301,7,Mar,7,7,45,64,912,0
01M301,7,Mar,8,8,59,155,1140,0
01M301,8,Apr,6,6,27,51,288,0
01M301,8,Apr,7,7,46,41,550,0
01M301,8,Apr,8,8,59,95,663,0
01M301,9,May,6,6,25,45,505,0
01M301,9,May,7,7,47,105,919,0
01M301,9,May,8,8,58,156,1120,0
01M301,10,Jun,6,6,25,45,380,0
01M301,10,Jun,7,7,47,83,704,0
01M301,10,Jun,8,8,58,200,786,0
01M301,1,Sep,6,6,39,59,415,0
01M301,1,Sep,7,7,47,37,667,0
01M301,1,Sep,8,8,59,62,820,0
01M301,2,Oct,6,6,27,81,378,0
01M301,2,Oct,7,7,44,68,680,0
01M301,2,Oct,8,8,56,72,880,0
01M301,3,Nov,6,6,27,72,414,0
01M301,3,Nov,7,7,44,50,742,0
01M301,3,Nov,8,8,59,90,919,0
01M301,4,Dec,6,6,27,83,376,0
01M301,4,Dec,7,7,45,51,703,0
01M301,4,Dec,8,8,57,103,866,0
01M315,5,Jan,1,1,49,112,868,0
01M315,5,Jan,2,2,49,60,920,0
01M315,5,Jan,3,3,44,75,805,0
01M315,5,Jan,4,4,45,47,840,0
01M315,5,Jan,5,5,41,59,761,0
01M315,5,Jan,0K,0,49,68,912,0
01M315,5,Jan,PK,-1,36,61,659,0
01M315,6,Feb,1,1,49,30,645,0
01M315,6,Feb,2,2,49,48,638,0
01M315,6,Feb,3,3,44,28,588,0
01M315,6,Feb,4,4,45,31,599,0
01M315,6,Feb,5,5,41,38,536,0
01M315,6,Feb,0K,0,49,54,632,0
01M315,6,Feb,PK,-1,36,49,455,0
01M315,7,Mar,1,1,48,41,1015,0
01M315,7,Mar,2,2,49,59,1019,0
01M315,7,Mar,3,3,44,51,917,0
01M315,7,Mar,4,4,45,27,963,0
01M315,7,Mar,5,5,41,31,871,0
01M315,7,Mar,0K,0,49,55,1023,0
01M315,7,Mar,PK,-1,36,80,712,0
01M315,8,Apr,1,1,48,52,572,0
01M315,8,Apr,2,2,49,30,607,0
01M315,8,Apr,3,3,44,45,527,0
01M315,8,Apr,4,4,45,13,572,0
01M315,8,Apr,5,5,42,34,510,0
01M315,8,Apr,0K,0,50,30,618,0
01M315,8,Apr,PK,-1,36,51,408,0
01M315,9,May,1,1,48,39,1017,0
01M315,9,May,2,2,49,42,1036,0
01M315,9,May,3,3,44,23,945,0
01M315,9,May,4,4,45,41,949,0
01M315,9,May,5,5,42,31,893,0
01M315,9,May,0K,0,50,48,1052,0
01M315,9,May,PK,-1,35,75,695,0
01M315,10,Jun,1,1,48,49,767,0
01M315,10,Jun,2,2,49,32,801,0
01M315,10,Jun,3,3,44,38,710,0
01M315,10,Jun,4,4,45,20,745,0
01M315,10,Jun,5,5,42,30,684,0
01M315,10,Jun,0K,0,50,41,809,0
01M315,10,Jun,PK,-1,35,32,563,0
01M315,1,Sep,1,1,49,11,773,0
01M315,1,Sep,2,2,51,12,788,0
01M315,1,Sep,3,3,47,18,704,0
01M315,1,Sep,4,4,48,18,728,0
01M315,1,Sep,5,5,45,9,663,0
01M315,1,Sep,0K,0,52,22,751,0
01M315,1,Sep,PK,-1,36,30,543,0
01M315,2,Oct,1,1,49,16,817,0
01M315,2,Oct,2,2,50,20,824,0
01M315,2,Oct,3,3,45,10,744,0
01M315,2,Oct,4,4,47,14,785,0
01M315,2,Oct,5,5,42,8,706,0
01M315,2,Oct,0K,0,49,27,789,0
01M315,2,Oct,PK,-1,36,31,581,0
01M315,3,Nov,1,1,49,44,838,0
01M315,3,Nov,2,2,49,25,857,0
01M315,3,Nov,3,3,45,34,758,0
01M315,3,Nov,4,4,49,32,799,0
01M315,3,Nov,5,5,44,28,728,0
01M315,3,Nov,0K,0,52,38,826,0
01M315,3,Nov,PK,-1,36,71,577,0
01M315,4,Dec,1,1,49,41,792,0
01M315,4,Dec,2,2,49,35,798,0
01M315,4,Dec,3,3,44,51,697,0
01M315,4,Dec,4,4,46,37,743,0
01M315,4,Dec,5,5,42,40,673,0
01M315,4,Dec,0K,0,51,50,766,0
01M315,4,Dec,PK,-1,36,49,563,0
01M332,5,Jan,6,6,67,99,1216,0
01M332,5,Jan,7,7,77,138,1387,0
01M332,5,Jan,8,8,89,120,1643,0
01M332,6,Feb,6,6,66,77,846,0
01M332,6,Feb,7,7,77,103,975,0
01M332,6,Feb,8,8,88,67,1154,0
01M332,7,Mar,6,6,64,100,1308,0
01M332,7,Mar,7,7,78,177,1539,0
01M332,7,Mar,8,8,88,143,1779,0
01M332,8,Apr,6,6,64,63,769,0
01M332,8,Apr,7,7,78,104,910,0
01M332,8,Apr,8,8,88,86,1044,6
01M332,9,May,6,6,64,95,1313,0
01M332,9,May,7,7,78,224,1475,0
01M332,9,May,8,8,88,143,1772,6
01M332,10,Jun,6,6,64,174,914,0
01M332,10,Jun,7,7,77,266,1041,2
01M332,10,Jun,8,8,87,205,1274,0
01M332,1,Sep,6,6,88,62,974,0
01M332,1,Sep,7,7,80,66,1151,0
01M332,1,Sep,8,8,91,86,1325,0
01M332,2,Oct,6,6,68,77,1044,0
01M332,2,Oct,7,7,77,100,1207,0
01M332,2,Oct,8,8,90,97,1410,0
01M332,3,Nov,6,6,67,70,1112,0
01M332,3,Nov,7,7,77,100,1275,0
01M332,3,Nov,8,8,90,108,1499,0
01M332,4,Dec,6,6,65,89,1016,0
01M332,4,Dec,7,7,76,130,1162,0
01M332,4,Dec,8,8,89,111,1402,0
01M361,5,Jan,1,1,58,87,1070,0
01M361,5,Jan,2,2,44,84,796,0
01M361,5,Jan,3,3,35,49,651,0
01M361,5,Jan,4,4,35,23,677,0
01M361,5,Jan,5,5,28,23,537,0
01M361,5,Jan,0K,0,61,101,1116,0
01M361,5,Jan,PK,-1,36,86,634,0
01M361,6,Feb,1,1,57,69,729,0
01M361,6,Feb,2,2,44,50,556,0
01M361,6,Feb,3,3,35,26,464,0
01M361,6,Feb,4,4,35,12,478,0
01M361,6,Feb,5,5,28,17,375,0
01M361,6,Feb,0K,0,61,72,779,0
01M361,6,Feb,PK,-1,37,55,424,36
01M361,7,Mar,1,1,57,129,1104,0
01M361,7,Mar,2,2,43,74,858,0
01M361,7,Mar,3,3,35,30,740,0
01M361,7,Mar,4,4,35,26,744,0
01M361,7,Mar,5,5,28,17,599,0
01M361,7,Mar,0K,0,62,97,1229,0
01M361,7,Mar,PK,-1,37,76,719,0
01M361,8,Apr,1,1,56,62,666,0
01M361,8,Apr,2,2,42,45,501,0
01M361,8,Apr,3,3,36,23,440,0
01M361,8,Apr,4,4,35,27,421,0
01M361,8,Apr,5,5,28,17,347,0
01M361,8,Apr,0K,0,61,55,731,0
01M361,8,Apr,PK,-1,36,51,417,0
01M361,9,May,1,1,56,84,1148,0
01M361,9,May,2,2,42,71,853,0
01M361,9,May,3,3,36,45,747,0
01M361,9,May,4,4,34,26,719,0
01M361,9,May,5,5,28,23,593,0
01M361,9,May,0K,0,60,88,1232,0
01M361,9,May,PK,-1,36,68,717,0
01M361,10,Jun,1,1,56,93,852,0
01M361,10,Jun,2,2,43,70,646,0
01M361,10,Jun,3,3,36,49,563,0
01M361,10,Jun,4,4,33,33,528,0
01M361,10,Jun,5,5,28,30,446,0
01M361,10,Jun,0K,0,60,122,890,0
01M361,10,Jun,PK,-1,35,35,553,0
01M361,1,Sep,1,1,57,57,835,0
01M361,1,Sep,2,2,52,42,687,0
01M361,1,Sep,3,3,38,11,552,0
01M361,1,Sep,4,4,35,15,529,0
01M361,1,Sep,5,5,28,16,432,0
01M361,1,Sep,0K,0,60,26,856,0
01M361,1,Sep,PK,-1,37,28,517,0
01M361,2,Oct,1,1,58,50,921,0
01M361,2,Oct,2,2,45,41,724,0
01M361,2,Oct,3,3,35,21,574,0
01M361,2,Oct,4,4,35,10,583,0
01M361,2,Oct,5,5,28,7,469,0
01M361,2,Oct,0K,0,59,52,931,0
01M361,2,Oct,PK,-1,35,41,554,0
01M361,3,Nov,1,1,59,76,968,0
01M361,3,Nov,2,2,45,42,768,0
01M361,3,Nov,3,3,35,30,600,0
01M361,3,Nov,4,4,35,25,605,0
01M361,3,Nov,5,5,28,26,478,0
01M361,3,Nov,0K,0,61,85,999,0
01M361,3,Nov,PK,-1,36,55,588,0
01M361,4,Dec,1,1,58,120,866,0
01M361,4,Dec,2,2,45,81,671,0
01M361,4,Dec,3,3,35,46,549,0
01M361,4,Dec,4,4,35,30,565,0
01M361,4,Dec,5,5,28,21,455,0
01M361,4,Dec,0K,0,61,96,941,0
01M361,4,Dec,PK,-1,36,78,498,36
01M363,5,Jan,1,1,50,67,933,0
01M363,5,Jan,2,2,56,66,1054,0
01M363,5,Jan,3,3,44,89,791,0
01M363,5,Jan,4,4,43,20,840,0
01M363,5,Jan,5,5,34,32,648,0
01M363,5,Jan,0K,0,58,138,1022,0
01M363,5,Jan,PK,-1,18,27,333,0
01M363,6,Feb,1,1,50,39,661,0
01M363,6,Feb,2,2,56,57,725,0
01M363,6,Feb,3,3,44,40,576,0
01M363,6,Feb,4,4,43,19,583,0
01M363,6,Feb,5,5,34,28,448,0
01M363,6,Feb,0K,0,58,71,739,0
01M363,6,Feb,PK,-1,18,17,235,0
01M363,7,Mar,1,1,50,68,1032,0
01M363,7,Mar,2,2,55,88,1122,0
01M363,7,Mar,3,3,45,50,925,0
01M363,7,Mar,4,4,43,44,902,0
01M363,7,Mar,5,5,34,45,703,0
01M363,7,Mar,0K,0,57,81,1173,0
01M363,7,Mar,PK,-1,18,32,364,0
01M363,8,Apr,1,1,50,34,616,0
01M363,8,Apr,2,2,55,44,671,0
01M363,8,Apr,3,3,45,63,522,0
01M363,8,Apr,4,4,43,13,546,0
01M363,8,Apr,5,5,34,26,416,0
01M363,8,Apr,0K,0,57,53,680,0
01M363,8,Apr,PK,-1,18,22,212,0
01M363,9,May,1,1,50,48,1052,0
01M363,9,May,2,2,55,75,1135,0
01M363,9,May,3,3,45,45,945,0
01M363,9,May,4,4,43,29,917,0
01M363,9,May,5,5,34,33,715,0
01M363,9,May,0K,0,56,87,1145,0
01M363,9,May,PK,-1,18,22,374,0
01M363,10,Jun,1,1,50,69,781,0
01M363,10,Jun,2,2,55,80,853,0
01M363,10,Jun,3,3,45,83,682,0
01M363,10,Jun,4,4,43,68,663,0
01M363,10,Jun,5,5,34,61,517,0
01M363,10,Jun,0K,0,56,85,863,0
01M363,10,Jun,PK,-1,18,25,281,0
01M363,1,Sep,1,1,52,35,781,0
01M363,1,Sep,2,2,56,32,864,0
01M363,1,Sep,3,3,45,28,645,0
01M363,1,Sep,4,4,44,8,680,0
01M363,1,Sep,5,5,35,6,515,0
01M363,1,Sep,0K,0,61,36,868,0
01M363,1,Sep,PK,-1,18,17,235,0
01M363,2,Oct,1,1,51,51,816,0
01M363,2,Oct,2,2,56,49,903,0
01M363,2,Oct,3,3,44,25,698,0
01M363,2,Oct,4,4,43,34,697,0
01M363,2,Oct,5,5,34,19,547,0
01M363,2,Oct,0K,0,58,71,915,0
01M363,2,Oct,PK,-1,18,19,287,0
01M363,3,Nov,1,1,51,73,845,0
01M363,3,Nov,2,2,56,58,950,0
01M363,3,Nov,3,3,45,38,760,0
01M363,3,Nov,4,4,43,28,746,0
01M363,3,Nov,5,5,35,24,588,0
01M363,3,Nov,0K,0,58,94,950,0
01M363,3,Nov,PK,-1,18,26,298,0
01M363,4,Dec,1,1,52,56,803,0
01M363,4,Dec,2,2,56,73,879,0
01M363,4,Dec,3,3,46,50,707,0
01M363,4,Dec,4,4,47,42,689,0
01M363,4,Dec,5,5,35,62,516,0
01M363,4,Dec,0K,0,58,100,886,0
01M363,4,Dec,PK,-1,18,37,269,0
01M364,5,Jan,1,1,47,71,869,0
01M364,5,Jan,2,2,58,102,1052,0
01M364,5,Jan,3,3,50,74,906,0
01M364,5,Jan,4,4,48,50,910,0
01M364,5,Jan,5,5,47,74,863,0
01M364,5,Jan,0K,0,48,75,885,0
01M364,5,Jan,PK,-1,36,63,657,0
01M364,6,Feb,1,1,47,43,615,0
01M364,6,Feb,2,2,57,63,735,0
01M364,6,Feb,3,3,49,37,649,0
01M364,6,Feb,4,4,48,35,637,0
01M364,6,Feb,5,5,46,25,619,0
01M364,6,Feb,0K,0,48,56,614,0
01M364,6,Feb,PK,-1,36,15,489,0
01M364,7,Mar,1,1,47,38,996,0
01M364,7,Mar,2,2,57,78,1176,0
01M364,7,Mar,3,3,49,48,1030,0
01M364,7,Mar,4,4,48,59,997,0
01M364,7,Mar,5,5,46,35,977,0
01M364,7,Mar,0K,0,47,64,970,0
01M364,7,Mar,PK,-1,36,49,743,0
01M364,8,Apr,1,1,47,38,573,0
01M364,8,Apr,2,2,57,70,668,0
01M364,8,Apr,3,3,49,40,589,0
01M364,8,Apr,4,4,48,38,586,0
01M364,8,Apr,5,5,46,27,571,0
01M364,8,Apr,0K,0,47,51,560,0
01M364,8,Apr,PK,-1,36,40,428,0
01M364,9,May,1,1,47,56,978,0
01M364,9,May,2,2,56,68,1164,0
01M364,9,May,3,3,48,65,991,0
01M364,9,May,4,4,49,44,1016,0
01M364,9,May,5,5,46,40,972,0
01M364,9,May,0K,0,48,72,970,0
01M364,9,May,PK,-1,36,38,754,0
01M364,10,Jun,1,1,47,77,722,0
01M364,10,Jun,2,2,56,76,876,0
01M364,10,Jun,3,3,48,73,743,0
01M364,10,Jun,4,4,49,42,791,0
01M364,10,Jun,5,5,46,50,732,0
01M364,10,Jun,0K,0,48,71,745,0
01M364,10,Jun,PK,-1,36,37,575,0
01M364,1,Sep,1,1,50,24,712,0
01M364,1,Sep,2,2,56,30,866,0
01M364,1,Sep,3,3,53,20,748,0
01M364,1,Sep,4,4,53,27,757,0
01M364,1,Sep,5,5,47,16,704,0
01M364,1,Sep,0K,0,50,20,748,0
01M364,1,Sep,PK,-1,39,12,563,0
01M364,2,Oct,1,1,47,42,748,0
01M364,2,Oct,2,2,57,51,908,0
01M364,2,Oct,3,3,48,41,775,0
01M364,2,Oct,4,4,49,25,808,0
01M364,2,Oct,5,5,46,32,740,0
01M364,2,Oct,0K,0,48,39,777,0
01M364,2,Oct,PK,-1,36,19,593,0
01M364,3,Nov,1,1,47,56,790,0
01M364,3,Nov,2,2,57,73,953,0
01M364,3,Nov,3,3,49,48,832,0
01M364,3,Nov,4,4,49,27,855,0
01M364,3,Nov,5,5,46,27,786,0
01M364,3,Nov,0K,0,48,49,815,0
01M364,3,Nov,PK,-1,36,40,608,0
01M364,4,Dec,1,1,47,62,737,0
01M364,4,Dec,2,2,57,104,865,0
01M364,4,Dec,3,3,50,54,795,0
01M364,4,Dec,4,4,49,47,784,0
01M364,4,Dec,5,5,47,48,745,0
01M364,4,Dec,0K,0,48,64,752,0
01M364,4,Dec,PK,-1,36,56,556,0
01M378,5,Jan,6,6,99,153,1820,0
01M378,5,Jan,7,7,99,226,1728,0
01M378,5,Jan,8,8,88,175,1584,0
01M378,6,Feb,6,6,99,111,1271,0
01M378,6,Feb,7,7,101,117,1280,0
01M378,6,Feb,8,8,88,79,1139,0
01M378,7,Mar,6,6,99,174,1993,0
01M378,7,Mar,7,7,101,224,1986,0
01M378,7,Mar,8,8,87,188,1726,0
01M378,8,Apr,6,6,99,88,1191,0
01M378,8,Apr,7,7,99,130,1157,0
01M378,8,Apr,8,8,87,136,995,0
01M378,9,May,6,6,99,210,1932,0
01M378,9,May,7,7,100,269,1922,0
01M378,9,May,8,8,88,210,1704,0
01M378,10,Jun,6,6,96,197,1435,0
01M378,10,Jun,7,7,99,210,1472,0
01M378,10,Jun,8,8,88,221,1269,0
01M378,1,Sep,6,6,110,149,1510,0
01M378,1,Sep,7,7,104,169,1378,0
01M378,1,Sep,8,8,104,96,1260,0
01M378,2,Oct,6,6,102,140,1577,0
01M378,2,Oct,7,7,99,150,1492,0
01M378,2,Oct,8,8,85,117,1328,0
01M378,3,Nov,6,6,101,160,1658,0
01M378,3,Nov,7,7,97,198,1548,0
01M378,3,Nov,8,8,87,121,1429,0
01M378,4,Dec,6,6,103,183,1507,0
01M378,4,Dec,7,7,97,206,1429,0
01M378,4,Dec,8,8,88,137,1357,0
01M448,5,Jan,9,9,138,159,1908,1
01M448,5,Jan,10,10,109,107,1493,0
01M448,5,Jan,11,11,79,82,1100,0
01M448,5,Jan,12,12,66,107,878,0
01M448,6,Feb,9,9,138,153,1762,2
01M448,6,Feb,10,10,109,101,1393,0
01M448,6,Feb,11,11,79,50,1047,0
01M448,6,Feb,12,12,63,95,759,0
01M448,7,Mar,9,9,137,270,2731,5
01M448,7,Mar,10,10,107,162,2172,0
01M448,7,Mar,11,11,80,85,1673,0
01M448,7,Mar,12,12,61,158,1184,0
01M448,8,Apr,9,9,137,164,1614,3
01M448,8,Apr,10,10,106,97,1275,0
01M448,8,Apr,11,11,81,46,1000,0
01M448,8,Apr,12,12,61,83,710,0
01M448,9,May,9,9,138,252,2758,4
01M448,9,May,10,10,106,229,2085,0
01M448,9,May,11,11,81,114,1668,0
01M448,9,May,12,12,61,218,1124,0
01M448,10,Jun,9,9,137,120,1109,2
01M448,10,Jun,10,10,106,124,830,0
01M448,10,Jun,11,11,81,60,669,0
01M448,10,Jun,12,12,61,119,430,0
01M448,1,Sep,9,9,162,158,2053,0
01M448,1,Sep,10,10,123,130,1661,0
01M448,1,Sep,11,11,81,41,1214,0
01M448,1,Sep,12,12,69,78,1010,0
01M448,2,Oct,9,9,138,124,2203,1
01M448,2,Oct,10,10,111,114,1752,0
01M448,2,Oct,11,11,79,50,1275,0
01M448,2,Oct,12,12,68,83,1072,0
01M448,3,Nov,9,9,137,142,2315,0
01M448,3,Nov,10,10,109,86,1842,0
01M448,3,Nov,11,11,78,39,1365,0
01M448,3,Nov,12,12,67,106,1095,0
01M448,4,Dec,9,9,138,170,2159,4
01M448,4,Dec,10,10,107,138,1681,0
01M448,4,Dec,11,11,78,63,1263,0
01M448,4,Dec,12,12,66,88,1034,0
01M450,5,Jan,6,6,108,49,2111,0
01M450,5,Jan,7,7,91,66,1754,0
01M450,5,Jan,8,8,107,71,2052,0
01M450,5,Jan,9,9,107,28,1898,214
01M450,5,Jan,10,10,96,42,1701,177
01M450,5,Jan,11,11,95,86,1608,186
01M450,5,Jan,12,12,89,150,1458,168
01M450,6,Feb,6,6,108,86,1426,0
01M450,6,Feb,7,7,91,37,1237,0
01M450,6,Feb,8,8,106,47,1437,0
01M450,6,Feb,9,9,107,48,1441,9
01M450,6,Feb,10,10,96,64,1275,0
01M450,6,Feb,11,11,94,118,1198,0
01M450,6,Feb,12,12,85,131,1051,0
01M450,7,Mar,6,6,108,63,2313,0
01M450,7,Mar,7,7,91,71,1903,0
01M450,7,Mar,8,8,106,77,2255,0
01M450,7,Mar,9,9,107,69,2275,10
01M450,7,Mar,10,10,96,62,2019,0
01M450,7,Mar,11,11,94,152,1878,0
01M450,7,Mar,12,12,84,209,1639,0
01M450,8,Apr,6,6,108,63,1341,0
01M450,8,Apr,7,7,90,46,1124,0
01M450,8,Apr,8,8,106,56,1322,0
01M450,8,Apr,9,9,107,85,1288,5
01M450,8,Apr,10,10,95,59,1176,0
01M450,8,Apr,11,11,91,55,1115,0
01M450,8,Apr,12,12,84,159,933,0
01M450,9,May,6,6,108,95,2281,0
01M450,9,May,7,7,90,52,1928,0
01M450,9,May,8,8,106,66,2266,0
01M450,9,May,9,9,106,119,2213,0
01M450,9,May,10,10,95,167,1923,0
01M450,9,May,11,11,90,178,1802,0
01M450,9,May,12,12,85,390,1476,0
01M450,10,Jun,6,6,108,43,1901,0
01M450,10,Jun,7,7,90,22,1598,0
01M450,10,Jun,8,8,106,41,1867,0
01M450,10,Jun,9,9,106,32,1876,0
01M450,10,Jun,10,10,96,31,1696,0
01M450,10,Jun,11,11,90,46,1574,0
01M450,10,Jun,12,12,85,45,1485,0
01M450,1,Sep,6,6,109,18,1710,0
01M450,1,Sep,7,7,96,48,1404,0
01M450,1,Sep,8,8,108,39,1675,0
01M450,1,Sep,9,9,114,50,1672,0
01M450,1,Sep,10,10,101,51,1489,0
01M450,1,Sep,11,11,110,110,1451,0
01M450,1,Sep,12,12,96,131,1313,0
01M450,2,Oct,6,6,108,38,1798,0
01M450,2,Oct,7,7,91,51,1496,0
01M450,2,Oct,8,8,107,32,1787,0
01M450,2,Oct,9,9,107,42,1777,0
01M450,2,Oct,10,10,97,52,1575,0
01M450,2,Oct,11,11,96,113,1519,0
01M450,2,Oct,12,12,90,116,1405,0
01M450,3,Nov,6,6,108,37,1907,0
01M450,3,Nov,7,7,91,39,1599,0
01M450,3,Nov,8,8,107,50,1876,0
01M450,3,Nov,9,9,107,26,1900,0
01M450,3,Nov,10,10,96,63,1665,0
01M450,3,Nov,11,11,96,131,1597,0
01M450,3,Nov,12,12,89,129,1473,0
01M450,4,Dec,6,6,108,58,1778,0
01M450,4,Dec,7,7,91,56,1491,0
01M450,4,Dec,8,8,107,87,1732,0
01M450,4,Dec,9,9,107,69,1750,0
01M450,4,Dec,10,10,96,88,1544,0
01M450,4,Dec,11,11,96,125,1506,0
01M450,4,Dec,12,12,89,185,1328,0
01M458,5,Jan,9,9,10,86,50,0
01M458,5,Jan,10,10,45,269,314,0
01M458,5,Jan,11,11,75,408,617,0
01M458,5,Jan,12,12,66,380,561,0
01M458,6,Feb,9,9,11,76,72,0
01M458,6,Feb,10,10,45,278,338,0
01M458,6,Feb,11,11,74,377,644,0
01M458,6,Feb,12,12,43,240,341,0
01M458,7,Mar,9,9,12,115,122,0
01M458,7,Mar,10,10,44,465,493,0
01M458,7,Mar,11,11,74,599,978,5
01M458,7,Mar,12,12,42,396,518,0
01M458,8,Apr,9,9,13,65,92,0
01M458,8,Apr,10,10,53,338,332,0
01M458,8,Apr,11,11,86,469,617,0
01M458,8,Apr,12,12,48,260,343,0
01M458,9,May,9,9,12,142,122,0
01M458,9,May,10,10,53,581,584,0
01M458,9,May,11,11,84,762,1031,0
01M458,9,May,12,12,46,434,560,3
01M458,10,Jun,9,9,12,80,28,0
01M458,10,Jun,10,10,53,328,149,0
01M458,10,Jun,11,11,81,384,313,0
01M458,10,Jun,12,12,46,208,162,0
01M458,1,Sep,9,9,13,64,47,0
01M458,1,Sep,10,10,49,178,312,0
01M458,1,Sep,11,11,72,270,712,0
01M458,1,Sep,12,12,77,294,777,0
01M458,2,Oct,9,9,8,66,57,0
01M458,2,Oct,10,10,44,256,413,0
01M458,2,Oct,11,11,71,366,796,0
01M458,2,Oct,12,12,69,407,750,0
01M458,3,Nov,9,9,9,85,69,0
01M458,3,Nov,10,10,43,332,415,0
01M458,3,Nov,11,11,72,496,791,1
01M458,3,Nov,12,12,68,478,710,0
01M458,4,Dec,9,9,9,98,55,0
01M458,4,Dec,10,10,40,294,372,0
01M458,4,Dec,11,11,71,469,738,0
01M458,4,Dec,12,12,65,487,605,0
01M509,5,Jan,9,9,48,186,517,0
01M509,5,Jan,10,10,56,147,658,0
01M509,5,Jan,11,11,45,111,544,0
01M509,5,Jan,12,12,53,140,568,0
01M509,6,Feb,9,9,45,184,399,0
01M509,6,Feb,10,10,59,136,642,0
01M509,6,Feb,11,11,42,96,464,0
01M509,6,Feb,12,12,52,158,555,0
01M509,7,Mar,9,9,40,236,619,0
01M509,7,Mar,10,10,56,254,978,0
01M509,7,Mar,11,11,40,161,719,0
01M509,7,Mar,12,12,51,221,901,0
01M509,8,Apr,9,9,38,117,377,0
01M509,8,Apr,10,10,56,128,583,0
01M509,8,Apr,11,11,40,83,437,0
01M509,8,Apr,12,12,51,110,553,0
01M509,9,May,9,9,38,221,613,0
01M509,9,May,10,10,55,213,979,0
01M509,9,May,11,11,40,127,753,0
01M509,9,May,12,12,51,215,907,0
01M509,10,Jun,9,9,37,140,193,0
01M509,10,Jun,10,10,54,149,333,0
01M509,10,Jun,11,11,40,97,263,0
01M509,10,Jun,12,12,52,116,343,0
01M509,1,Sep,9,9,61,173,574,0
01M509,1,Sep,10,10,67,230,728,0
01M509,1,Sep,11,11,52,140,621,0
01M509,1,Sep,12,12,61,182,650,0
01M509,2,Oct,9,9,48,179,626,0
01M509,2,Oct,10,10,60,185,793,0
01M509,2,Oct,11,11,46,131,651,0
01M509,2,Oct,12,12,49,151,660,0
01M509,3,Nov,9,9,46,224,604,0
01M509,3,Nov,10,10,57,221,798,3
01M509,3,Nov,11,11,46,108,709,0
01M509,3,Nov,12,12,47,152,694,0
01M509,4,Dec,9,9,52,237,570,0
01M509,4,Dec,10,10,56,196,731,5
01M509,4,Dec,11,11,45,128,637,0
01M509,4,Dec,12,12,47,141,658,0
01M515,5,Jan,10,10,298,693,3407,0
01M515,5,Jan,11,11,162,324,1613,7
01M515,5,Jan,12,12,154,440,1552,0
01M515,6,Feb,10,10,270,532,3047,9
01M515,6,Feb,11,11,150,256,1743,2
01M515,6,Feb,12,12,122,351,1277,0
01M515,7,Mar,10,10,290,813,5027,12
01M515,7,Mar,11,11,161,492,2698,8
01M515,7,Mar,12,12,117,496,2014,0
01M515,8,Apr,10,10,288,553,3031,9
01M515,8,Apr,11,11,149,343,1577,3
01M515,8,Apr,12,12,115,376,1108,0
01M515,9,May,10,10,282,845,5279,14
01M515,9,May,11,11,147,517,2675,2
01M515,9,May,12,12,113,590,1844,0
01M515,10,Jun,10,10,277,755,1721,2
01M515,10,Jun,11,11,145,452,847,1
01M515,10,Jun,12,12,110,418,570,0
01M515,1,Sep,10,10,274,620,3392,0
01M515,1,Sep,11,11,181,436,2031,0
01M515,1,Sep,12,12,150,401,1676,0
01M515,2,Oct,10,10,282,554,3977,1
01M515,2,Oct,11,11,153,362,2160,0
01M515,2,Oct,12,12,140,364,1952,0
01M515,3,Nov,10,10,278,568,4265,0
01M515,3,Nov,11,11,143,419,2130,0
01M515,3,Nov,12,12,138,429,2002,0
01M515,4,Dec,10,10,286,724,3938,4
01M515,4,Dec,11,11,142,405,1891,9
01M515,4,Dec,12,12,134,460,1818,0
01M539,5,Jan,1,1,151,206,2814,0
01M539,5,Jan,2,2,124,117,2344,0
01M539,5,Jan,3,3,117,88,2252,0
01M539,5,Jan,4,4,113,87,2173,0
01M539,5,Jan,5,5,113,74,2186,0
01M539,5,Jan,6,6,154,141,2939,0
01M539,5,Jan,7,7,137,86,2654,0
01M539,5,Jan,8,8,121,87,2333,0
01M539,5,Jan,9,9,160,61,2338,795
01M539,5,Jan,0K,0,100,179,1802,0
01M539,5,Jan,10,10,148,62,2163,735
01M539,5,Jan,11,11,127,68,1827,631
01M539,5,Jan,12,12,178,131,2542,887
01M539,6,Feb,1,1,151,131,1983,0
01M539,6,Feb,2,2,123,98,1624,0
01M539,6,Feb,3,3,117,81,1557,0
01M539,6,Feb,4,4,113,74,1508,0
01M539,6,Feb,5,5,113,84,1498,0
01M539,6,Feb,6,6,155,72,2075,0
01M539,6,Feb,7,7,137,88,1830,0
01M539,6,Feb,8,8,121,93,1601,0
01M539,6,Feb,9,9,159,80,2146,0
01M539,6,Feb,0K,0,99,117,1269,0
01M539,6,Feb,10,10,148,58,2014,0
01M539,6,Feb,11,11,126,73,1691,0
01M539,6,Feb,12,12,177,147,2331,0
01M539,7,Mar,1,1,151,151,3171,0
01M539,7,Mar,2,2,123,112,2594,0
01M539,7,Mar,3,3,117,46,2528,0
01M539,7,Mar,4,4,113,44,2442,0
01M539,7,Mar,5,5,113,76,2410,0
01M539,7,Mar,6,6,154,84,3304,0
01M539,7,Mar,7,7,137,64,2950,0
01M539,7,Mar,8,8,121,97,2552,0
01M539,7,Mar,9,9,160,142,3359,0
01M539,7,Mar,0K,0,99,102,2076,0
01M539,7,Mar,10,10,148,99,3156,1
01M539,7,Mar,11,11,126,141,2631,0
01M539,7,Mar,12,12,177,261,3633,0
01M539,8,Apr,1,1,151,110,1853,0
01M539,8,Apr,2,2,123,89,1510,0
01M539,8,Apr,3,3,117,41,1480,0
01M539,8,Apr,4,4,113,52,1417,0
01M539,8,Apr,5,5,113,49,1420,0
01M539,8,Apr,6,6,154,71,1931,0
01M539,8,Apr,7,7,137,43,1738,0
01M539,8,Apr,8,8,120,64,1496,0
01M539,8,Apr,9,9,160,52,2028,0
01M539,8,Apr,0K,0,99,75,1212,0
01M539,8,Apr,10,10,148,54,1870,0
01M539,8,Apr,11,11,126,78,1557,3
01M539,8,Apr,12,12,177,219,2082,0
01M539,9,May,1,1,151,147,3175,0
01M539,9,May,2,2,123,100,2606,0
01M539,9,May,3,3,117,67,2507,0
01M539,9,May,4,4,113,79,2407,0
01M539,9,May,5,5,113,81,2405,0
01M539,9,May,6,6,154,107,3281,0
01M539,9,May,7,7,137,88,2926,0
01M539,9,May,8,8,120,110,2530,0
01M539,9,May,9,9,160,74,3443,3
01M539,9,May,0K,0,99,79,2097,0
01M539,9,May,10,10,149,125,3132,7
01M539,9,May,11,11,126,99,2673,0
01M539,9,May,12,12,177,439,3455,0
01M539,10,Jun,1,1,151,129,2438,151
01M539,10,Jun,2,2,123,103,1988,123
01M539,10,Jun,3,3,117,94,1895,117
01M539,10,Jun,4,4,113,92,1829,113
01M539,10,Jun,5,5,113,115,1806,113
01M539,10,Jun,6,6,154,149,2469,154
01M539,10,Jun,7,7,137,84,2245,137
01M539,10,Jun,8,8,120,134,1520,506
01M539,10,Jun,9,9,160,128,1314,1434
01M539,10,Jun,0K,0,98,108,1558,98
01M539,10,Jun,10,10,149,114,1235,1333
01M539,10,Jun,11,11,126,129,1002,1136
01M539,10,Jun,12,12,177,379,1214,1593
01M539,1,Sep,1,1,153,40,2392,0
01M539,1,Sep,2,2,126,21,1963,0
01M539,1,Sep,3,3,122,19,1853,0
01M539,1,Sep,4,4,115,29,1779,0
01M539,1,Sep,5,5,115,27,1786,0
01M539,1,Sep,6,6,158,31,2433,0
01M539,1,Sep,7,7,140,42,2152,0
01M539,1,Sep,8,8,122,28,1908,0
01M539,1,Sep,9,9,169,77,2501,0
01M539,1,Sep,0K,0,99,29,1532,0
01M539,1,Sep,10,10,155,71,2329,0
01M539,1,Sep,11,11,132,80,1938,0
01M539,1,Sep,12,12,180,122,2728,0
01M539,2,Oct,1,1,151,72,2495,0
01M539,2,Oct,2,2,124,43,2065,0
01M539,2,Oct,3,3,118,45,1950,0
01M539,2,Oct,4,4,113,35,1886,0
01M539,2,Oct,5,5,113,51,1870,0
01M539,2,Oct,6,6,154,47,2571,0
01M539,2,Oct,7,7,137,38,2291,0
01M539,2,Oct,8,8,121,57,2000,0
01M539,2,Oct,9,9,161,58,2679,0
01M539,2,Oct,0K,0,101,42,1654,0
01M539,2,Oct,10,10,149,40,2493,0
01M539,2,Oct,11,11,126,79,2063,0
01M539,2,Oct,12,12,178,112,2914,0
01M539,3,Nov,1,1,151,161,2557,0
01M539,3,Nov,2,2,124,73,2159,0
01M539,3,Nov,3,3,118,70,2054,0
01M539,3,Nov,4,4,113,44,1990,0
01M539,3,Nov,5,5,113,72,1962,0
01M539,3,Nov,6,6,154,72,2700,0
01M539,3,Nov,7,7,137,79,2387,0
01M539,3,Nov,8,8,121,64,2114,0
01M539,3,Nov,9,9,161,64,2823,0
01M539,3,Nov,0K,0,100,117,1683,0
01M539,3,Nov,10,10,149,66,2614,1
01M539,3,Nov,11,11,127,110,2159,0
01M539,3,Nov,12,12,178,147,3057,0
01M539,4,Dec,1,1,151,206,2361,0
01M539,4,Dec,2,2,124,133,1975,0
01M539,4,Dec,3,3,118,81,1910,0
01M539,4,Dec,4,4,113,89,1832,0
01M539,4,Dec,5,5,113,94,1827,0
01M539,4,Dec,6,6,154,128,2490,0
01M539,4,Dec,7,7,137,101,2228,0
01M539,4,Dec,8,8,121,77,1980,0
01M539,4,Dec,9,9,160,97,2623,0
01M539,4,Dec,0K,0,100,121,1579,0
01M539,4,Dec,10,10,148,111,2405,0
01M539,4,Dec,11,11,127,116,2042,1
01M539,4,Dec,12,12,178,174,2848,4
01M650,5,Jan,9,9,32,209,214,0
01M650,5,Jan,10,10,56,318,425,0
01M650,5,Jan,11,11,72,289,662,0
01M650,5,Jan,12,12,84,472,692,0
01M650,6,Feb,9,9,33,214,224,0
01M650,6,Feb,10,10,64,298,531,0
01M650,6,Feb,11,11,78,332,731,0
01M650,6,Feb,12,12,60,360,448,0
01M650,7,Mar,9,9,32,321,334,0
01M650,7,Mar,10,10,68,559,872,0
01M650,7,Mar,11,11,83,618,1138,0
01M650,7,Mar,12,12,59,642,583,0
01M650,8,Apr,9,9,31,209,190,0
01M650,8,Apr,10,10,65,332,478,0
01M650,8,Apr,11,11,79,380,621,0
01M650,8,Apr,12,12,56,374,337,0
01M650,9,May,9,9,30,324,336,0
01M650,9,May,10,10,61,547,768,0
01M650,9,May,11,11,75,483,1019,0
01M650,9,May,12,12,68,615,646,0
01M650,10,Jun,9,9,30,185,85,0
01M650,10,Jun,10,10,60,318,215,0
01M650,10,Jun,11,11,55,270,219,0
01M650,10,Jun,12,12,70,323,299,0
01M650,1,Sep,9,9,20,40,189,0
01M650,1,Sep,10,10,50,214,483,0
01M650,1,Sep,11,11,71,228,786,0
01M650,1,Sep,12,12,85,348,871,0
01M650,2,Oct,9,9,29,148,264,0
01M650,2,Oct,10,10,58,315,588,0
01M650,2,Oct,11,11,72,367,789,0
01M650,2,Oct,12,12,82,490,888,0
01M650,3,Nov,9,9,29,201,321,0
01M650,3,Nov,10,10,56,340,637,0
01M650,3,Nov,11,11,69,261,908,2
01M650,3,Nov,12,12,81,496,923,1
01M650,4,Dec,9,9,30,207,282,0
01M650,4,Dec,10,10,52,306,575,0
01M650,4,Dec,11,11,66,293,794,0
01M650,4,Dec,12,12,82,509,843,3
01M696,5,Jan,9,9,140,116,1984,0
01M696,5,Jan,10,10,154,104,2206,0
01M696,5,Jan,11,11,140,155,1945,0
01M696,5,Jan,12,12,114,188,1522,0
01M696,6,Feb,9,9,140,58,1902,0
01M696,6,Feb,10,10,154,81,2062,0
01M696,6,Feb,11,11,140,96,1864,0
01M696,6,Feb,12,12,114,109,1486,0
01M696,7,Mar,9,9,140,93,2987,0
01M696,7,Mar,10,10,153,99,3267,0
01M696,7,Mar,11,11,140,130,2950,0
01M696,7,Mar,12,12,113,136,2341,0
01M696,8,Apr,9,9,140,99,1721,0
01M696,8,Apr,10,10,153,50,1939,0
01M696,8,Apr,11,11,140,140,1680,0
01M696,8,Apr,12,12,113,114,1350,0
01M696,9,May,9,9,140,137,2943,0
01M696,9,May,10,10,153,102,3264,0
01M696,9,May,11,11,140,174,2906,0
01M696,9,May,12,12,113,187,2299,0
01M696,10,Jun,9,9,140,216,1044,0
01M696,10,Jun,10,10,153,260,1117,0
01M696,10,Jun,11,11,140,240,1020,0
01M696,10,Jun,12,12,113,157,860,0
01M696,1,Sep,9,9,148,43,2223,0
01M696,1,Sep,10,10,156,76,2418,0
01M696,1,Sep,11,11,140,63,2147,0
01M696,1,Sep,12,12,115,154,1672,0
01M696,2,Oct,9,9,141,69,2314,0
01M696,2,Oct,10,10,154,105,2513,0
01M696,2,Oct,11,11,140,101,2279,0
01M696,2,Oct,12,12,114,122,1816,0
01M696,3,Nov,9,9,140,70,2450,0
01M696,3,Nov,10,10,154,115,2657,0
01M696,3,Nov,11,11,140,118,2402,0
01M696,3,Nov,12,12,114,133,1919,0
01M696,4,Dec,9,9,140,71,2309,0
01M696,4,Dec,10,10,154,138,2480,0
01M696,4,Dec,11,11,140,124,2256,0
01M696,4,Dec,12,12,115,156,1773,0
01M839,5,Jan,6,6,125,130,2370,0
01M839,5,Jan,7,7,123,67,2393,0
01M839,5,Jan,8,8,121,127,2293,0
01M839,6,Feb,6,6,125,71,1673,0
01M839,6,Feb,7,7,123,73,1649,0
01M839,6,Feb,8,8,122,79,1626,0
01M839,7,Mar,6,6,124,105,2623,0
01M839,7,Mar,7,7,123,75,2631,0
01M839,7,Mar,8,8,123,153,2534,0
01M839,8,Apr,6,6,124,73,1539,0
01M839,8,Apr,7,7,123,46,1553,0
01M839,8,Apr,8,8,124,67,1524,0
01M839,9,May,6,6,124,133,2594,1
01M839,9,May,7,7,123,84,2622,0
01M839,9,May,8,8,123,182,2524,0
01M839,10,Jun,6,6,125,146,2086,0
01M839,10,Jun,7,7,125,103,2111,0
01M839,10,Jun,8,8,123,170,2044,0
01M839,1,Sep,6,6,131,80,1962,0
01M839,1,Sep,7,7,128,56,1928,0
01M839,1,Sep,8,8,126,59,1893,0
01M839,1,Sep,9,9,1,4,0,0
01M839,2,Oct,6,6,127,92,2050,0
01M839,2,Oct,7,7,124,45,2063,0
01M839,2,Oct,8,8,122,80,1994,0
01M839,3,Nov,6,6,125,74,2176,0
01M839,3,Nov,7,7,124,69,2163,0
01M839,3,Nov,8,8,122,103,2083,0
01M839,4,Dec,6,6,125,129,1996,0
01M839,4,Dec,7,7,124,77,2029,0
01M839,4,Dec,8,8,121,106,1951,0
02M001,5,Jan,1,1,48,68,871,0
02M001,5,Jan,2,2,56,106,1004,0
02M001,5,Jan,3,3,54,54,996,0
02M001,5,Jan,4,4,53,41,1019,0
02M001,5,Jan,5,5,65,42,1238,0
02M001,5,Jan,0K,0,53,98,954,0
02M001,5,Jan,PK,-1,38,95,605,36
02M001,6,Feb,1,1,46,27,617,0
02M001,6,Feb,2,2,56,37,733,0
02M001,6,Feb,3,3,52,32,696,0
02M001,6,Feb,4,4,53,23,719,0
02M001,6,Feb,5,5,64,30,852,0
02M001,6,Feb,0K,0,53,53,681,0
02M001,6,Feb,PK,-1,36,52,452,0
02M001,7,Mar,1,1,47,51,951,0
02M001,7,Mar,2,2,57,86,1164,0
02M001,7,Mar,3,3,53,53,1075,0
02M001,7,Mar,4,4,54,43,1140,0
02M001,7,Mar,5,5,63,44,1342,0
02M001,7,Mar,0K,0,54,88,1096,0
02M001,7,Mar,PK,-1,36,92,664,36
02M001,8,Apr,1,1,45,17,560,0
02M001,8,Apr,2,2,57,67,671,0
02M001,8,Apr,3,3,52,30,641,0
02M001,8,Apr,4,4,53,20,669,0
02M001,8,Apr,5,5,63,27,792,0
02M001,8,Apr,0K,0,54,53,649,0
02M001,8,Apr,PK,-1,36,57,409,0
02M001,9,May,1,1,46,41,959,0
02M001,9,May,2,2,57,117,1118,0
02M001,9,May,3,3,52,45,1099,0
02M001,9,May,4,4,54,42,1127,0
02M001,9,May,5,5,64,39,1352,1
02M001,9,May,0K,0,55,99,1102,0
02M001,9,May,PK,-1,37,82,674,0
02M001,10,Jun,1,1,46,60,722,0
02M001,10,Jun,2,2,56,102,850,0
02M001,10,Jun,3,3,52,57,827,0
02M001,10,Jun,4,4,54,60,858,0
02M001,10,Jun,5,5,64,49,999,5
02M001,10,Jun,0K,0,55,114,821,0
02M001,10,Jun,PK,-1,34,81,497,0
02M001,1,Sep,1,1,54,30,740,0
02M001,1,Sep,2,2,60,46,843,0
02M001,1,Sep,3,3,59,23,827,0
02M001,1,Sep,4,4,56,16,810,0
02M001,1,Sep,5,5,71,31,1003,0
02M001,1,Sep,6,6,1,1,0,0
02M001,1,Sep,0K,0,57,27,781,0
02M001,1,Sep,PK,-1,31,19,452,0
02M001,2,Oct,1,1,48,29,787,0
02M001,2,Oct,2,2,56,64,882,0
02M001,2,Oct,3,3,53,29,872,0
02M001,2,Oct,4,4,53,23,878,0
02M001,2,Oct,5,5,64,26,1045,0
02M001,2,Oct,0K,0,51,39,816,0
02M001,2,Oct,PK,-1,34,54,505,0
02M001,3,Nov,1,1,48,43,821,0
02M001,3,Nov,2,2,56,74,929,0
02M001,3,Nov,3,3,53,37,917,0
02M001,3,Nov,4,4,53,50,904,0
02M001,3,Nov,5,5,65,41,1109,0
02M001,3,Nov,0K,0,51,41,857,0
02M001,3,Nov,PK,-1,37,85,546,0
02M001,4,Dec,1,1,48,53,763,0
02M001,4,Dec,2,2,57,72,880,0
02M001,4,Dec,3,3,53,50,851,0
02M001,4,Dec,4,4,53,48,853,0
02M001,4,Dec,5,5,65,35,1070,0
02M001,4,Dec,0K,0,51,95,767,0
02M001,4,Dec,PK,-1,37,109,508,0
02M002,5,Jan,1,1,77,49,1489,0
02M002,5,Jan,2,2,84,53,1627,0
02M002,5,Jan,3,3,99,41,1926,0
02M002,5,Jan,4,4,129,51,2501,0
02M002,5,Jan,5,5,107,45,2094,0
02M002,5,Jan,0K,0,77,88,1440,0
02M002,5,Jan,PK,-1,35,41,659,0
02M002,6,Feb,1,1,78,35,1052,0
02M002,6,Feb,2,2,84,27,1149,0
02M002,6,Feb,3,3,98,34,1325,0
02M002,6,Feb,4,4,127,31,1747,0
02M002,6,Feb,5,5,107,39,1459,0
02M002,6,Feb,0K,0,78,43,1018,0
02M002,6,Feb,PK,-1,36,38,419,35
02M002,7,Mar,1,1,81,66,1715,0
02M002,7,Mar,2,2,85,33,1826,0
02M002,7,Mar,3,3,96,30,2082,0
02M002,7,Mar,4,4,127,43,2751,0
02M002,7,Mar,5,5,107,48,2306,0
02M002,7,Mar,0K,0,76,54,1587,0
02M002,7,Mar,PK,-1,36,51,741,0
02M002,8,Apr,1,1,84,32,1030,0
02M002,8,Apr,2,2,85,40,1044,0
02M002,8,Apr,3,3,96,30,1218,0
02M002,8,Apr,4,4,127,36,1606,0
02M002,8,Apr,5,5,107,26,1365,0
02M002,8,Apr,0K,0,75,48,927,0
02M002,8,Apr,PK,-1,36,20,448,0
02M002,9,May,1,1,82,72,1710,0
02M002,9,May,2,2,83,44,1782,0
02M002,9,May,3,3,96,31,2081,0
02M002,9,May,4,4,127,58,2732,0
02M002,9,May,5,5,108,67,2287,0
02M002,9,May,0K,0,75,85,1550,0
02M002,9,May,PK,-1,36,45,747,0
02M002,10,Jun,1,1,81,41,1336,0
02M002,10,Jun,2,2,84,41,1384,0
02M002,10,Jun,3,3,96,46,1586,0
02M002,10,Jun,4,4,127,42,2117,0
02M002,10,Jun,5,5,107,82,1737,0
02M002,10,Jun,0K,0,75,78,1197,0
02M002,10,Jun,PK,-1,36,41,571,0
02M002,1,Sep,1,1,89,24,1209,0
02M002,1,Sep,2,2,89,16,1294,0
02M002,1,Sep,3,3,107,16,1537,0
02M002,1,Sep,4,4,139,22,2039,0
02M002,1,Sep,5,5,119,32,1672,0
02M002,1,Sep,0K,0,83,41,1140,0
02M002,1,Sep,PK,-1,35,20,508,0
02M002,2,Oct,1,1,78,19,1276,0
02M002,2,Oct,2,2,82,12,1376,0
02M002,2,Oct,3,3,98,15,1651,0
02M002,2,Oct,4,4,129,30,2163,0
02M002,2,Oct,5,5,107,25,1782,0
02M002,2,Oct,0K,0,78,52,1234,0
02M002,2,Oct,PK,-1,36,38,572,0
02M002,3,Nov,1,1,76,57,1308,0
02M002,3,Nov,2,2,83,27,1445,0
02M002,3,Nov,3,3,98,33,1728,0
02M002,3,Nov,4,4,130,34,2281,0
02M002,3,Nov,5,5,107,25,1883,0
02M002,3,Nov,0K,0,77,60,1310,0
02M002,3,Nov,PK,-1,36,53,592,0
02M002,4,Dec,1,1,75,39,1236,0
02M002,4,Dec,2,2,83,28,1383,0
02M002,4,Dec,3,3,97,32,1617,0
02M002,4,Dec,4,4,128,49,2127,0
02M002,4,Dec,5,5,106,35,1757,0
02M002,4,Dec,0K,0,76,60,1232,0
02M002,4,Dec,PK,-1,35,30,530,35
02M003,5,Jan,1,1,119,209,2126,0
02M003,5,Jan,2,2,103,138,1908,0
02M003,5,Jan,3,3,116,148,2172,0
02M003,5,Jan,4,4,110,95,2100,0
02M003,5,Jan,5,5,145,198,2694,0
02M003,5,Jan,0K,0,130,194,2406,0
02M003,5,Jan,PK,-1,51,97,834,49
02M003,6,Feb,1,1,118,109,1529,0
02M003,6,Feb,2,2,103,92,1350,0
02M003,6,Feb,3,3,116,89,1535,0
02M003,6,Feb,4,4,109,53,1471,0
02M003,6,Feb,5,5,144,113,1903,0
02M003,6,Feb,0K,0,130,117,1703,0
02M003,6,Feb,PK,-1,49,69,617,0
02M003,7,Mar,1,1,118,149,2440,0
02M003,7,Mar,2,2,103,155,2105,0
02M003,7,Mar,3,3,116,121,2431,0
02M003,7,Mar,4,4,108,81,2295,0
02M003,7,Mar,5,5,144,228,2930,10
02M003,7,Mar,0K,0,131,275,2603,0
02M003,7,Mar,PK,-1,49,145,933,0
02M003,8,Apr,1,1,118,101,1425,0
02M003,8,Apr,2,2,102,91,1235,0
02M003,8,Apr,3,3,116,107,1401,0
02M003,8,Apr,4,4,108,59,1345,0
02M003,8,Apr,5,5,144,119,1749,4
02M003,8,Apr,0K,0,131,141,1562,0
